货币名称,现汇买入价,现钞买入价,现汇卖出价,现钞卖出价,中行折算价,发布时间
美元,612.47,607.56,614.93,614.93,612.14,2014.02.28 22:03:05
美元,612.47,607.56,614.93,614.93,612.14,2014.02.28 19:08:00
美元,612.47,607.56,614.93,614.93,612.14,2014.02.28 18:57:28
美元,612.47,607.56,614.93,614.93,612.14,2014.02.28 18:57:23
美元,612.47,607.56,614.93,614.93,612.14,2014.02.28 18:22:42
美元,611.47,606.57,613.93,613.93,612.14,2014.02.28 18:22:36
美元,612.47,607.56,614.93,614.93,612.14,2014.02.28 18:20:28
美元,612.47,607.56,614.93,614.93,612.14,2014.02.28 18:13:31
美元,612.47,607.56,614.93,614.93,612.14,2014.02.28 17:15:26
美元,612.57,607.66,615.03,615.03,612.14,2014.02.28 16:39:47
美元,612.77,607.86,615.23,615.23,612.14,2014.02.28 16:31:10
美元,612.77,607.86,615.23,615.23,612.14,2014.02.28 16:30:57
美元,612.77,607.86,615.23,615.23,612.14,2014.02.28 16:27:27
美元,613.02,608.11,615.48,615.48,612.14,2014.02.28 16:26:50
美元,613.07,608.16,615.53,615.53,612.14,2014.02.28 16:26:38
美元,613.17,608.26,615.63,615.63,612.14,2014.02.28 16:23:44
美元,613.37,608.45,615.83,615.83,612.14,2014.02.28 16:20:25
美元,613.57,608.65,616.03,616.03,612.14,2014.02.28 16:20:15
美元,613.37,608.45,615.83,615.83,612.14,2014.02.28 16:17:41
美元,613.77,608.85,616.23,616.23,612.14,2014.02.28 16:16:48
美元,613.27,608.36,615.73,615.73,612.14,2014.02.28 16:16:27
美元,612.77,607.86,615.23,615.23,612.14,2014.02.28 16:16:04
美元,612.47,607.56,614.93,614.93,612.14,2014.02.28 16:14:12
美元,612.47,607.56,614.93,614.93,612.14,2014.02.28 16:14:08
美元,612.57,607.66,615.03,615.03,612.14,2014.02.28 16:12:16
美元,612.67,607.76,615.13,615.13,612.14,2014.02.28 16:11:59
美元,612.95,608.04,615.41,615.41,612.14,2014.02.28 16:10:47
美元,613.07,608.16,615.53,615.53,612.14,2014.02.28 16:07:56
美元,613.27,608.36,615.73,615.73,612.14,2014.02.28 16:02:15
美元,613.42,608.5,615.88,615.88,612.14,2014.02.28 15:59:06
美元,613.47,608.55,615.93,615.93,612.14,2014.02.28 15:57:36
美元,613.57,608.65,616.03,616.03,612.14,2014.02.28 15:51:38
美元,613.62,608.7,616.08,616.08,612.14,2014.02.28 15:51:06
美元,613.72,608.8,616.18,616.18,612.14,2014.02.28 15:50:46
美元,613.77,608.85,616.23,616.23,612.14,2014.02.28 15:46:52
美元,613.77,608.85,616.23,616.23,612.14,2014.02.28 15:45:55
美元,613.82,608.9,616.28,616.28,612.14,2014.02.28 15:41:22
美元,613.82,608.9,616.28,616.28,612.14,2014.02.28 15:34:38
美元,613.87,608.95,616.33,616.33,612.14,2014.02.28 15:32:11
美元,614.02,609.1,616.48,616.48,612.14,2014.02.28 15:29:29
美元,613.97,609.05,616.43,616.43,612.14,2014.02.28 15:29:01
美元,613.77,608.85,616.23,616.23,612.14,2014.02.28 15:28:24
美元,613.67,608.75,616.13,616.13,612.14,2014.02.28 15:25:28
美元,613.47,608.55,615.93,615.93,612.14,2014.02.28 15:22:07
美元,613.27,608.36,615.73,615.73,612.14,2014.02.28 15:21:51
美元,613.57,608.65,616.03,616.03,612.14,2014.02.28 15:18:12
美元,613.67,608.75,616.13,616.13,612.14,2014.02.28 15:17:53
美元,613.77,608.85,616.23,616.23,612.14,2014.02.28 15:17:41
美元,613.87,608.95,616.33,616.33,612.14,2014.02.28 15:02:34
美元,613.97,609.05,616.43,616.43,612.14,2014.02.28 14:58:48
美元,614.02,609.1,616.48,616.48,612.14,2014.02.28 14:56:11
美元,613.97,609.05,616.43,616.43,612.14,2014.02.28 14:44:59
美元,614.07,609.15,616.53,616.53,612.14,2014.02.28 14:44:34
美元,614.17,609.25,616.63,616.63,612.14,2014.02.28 14:36:42
美元,614.27,609.35,616.73,616.73,612.14,2014.02.28 14:31:01
美元,614.37,609.44,616.83,616.83,612.14,2014.02.28 14:30:29
美元,614.42,609.49,616.88,616.88,612.14,2014.02.28 14:27:54
美元,614.47,609.54,616.93,616.93,612.14,2014.02.28 14:24:48
美元,614.52,609.59,616.98,616.98,612.14,2014.02.28 14:23:12
美元,614.62,609.69,617.08,617.08,612.14,2014.02.28 14:22:08
美元,614.67,609.74,617.13,617.13,612.14,2014.02.28 14:16:04
美元,614.72,609.79,617.18,617.18,612.14,2014.02.28 14:13:48
美元,614.77,609.84,617.23,617.23,612.14,2014.02.28 14:12:38
美元,614.87,609.94,617.33,617.33,612.14,2014.02.28 14:08:58
美元,614.62,609.69,617.08,617.08,612.14,2014.02.28 14:08:22
美元,614.37,609.44,616.83,616.83,612.14,2014.02.28 14:04:10
美元,614.27,609.35,616.73,616.73,612.14,2014.02.28 14:02:25
美元,614.37,609.44,616.83,616.83,612.14,2014.02.28 14:02:08
美元,614.57,609.64,617.03,617.03,612.14,2014.02.28 14:00:22
美元,614.77,609.84,617.23,617.23,612.14,2014.02.28 14:00:00
美元,614.92,609.99,617.38,617.38,612.14,2014.02.28 13:59:48
美元,614.97,610.04,617.43,617.43,612.14,2014.02.28 13:59:36
美元,615.02,610.09,617.48,617.48,612.14,2014.02.28 13:43:49
美元,615.07,610.14,617.53,617.53,612.14,2014.02.28 13:43:22
美元,615.07,610.14,617.53,617.53,612.14,2014.02.28 13:34:31
美元,614.97,610.04,617.43,617.43,612.14,2014.02.28 13:33:52
美元,615.11,610.18,617.57,617.57,612.14,2014.02.28 13:31:50
美元,614.97,610.04,617.43,617.43,612.14,2014.02.28 13:12:46
美元,614.97,610.04,617.43,617.43,612.14,2014.02.28 12:01:09
美元,615.02,610.09,617.48,617.48,612.14,2014.02.28 11:55:29
美元,614.93,610,617.39,617.39,612.14,2014.02.28 11:42:49
美元,615.07,610.14,617.53,617.53,612.14,2014.02.28 11:38:49
美元,615.17,610.24,617.63,617.63,612.14,2014.02.28 11:32:23
美元,615.47,610.53,617.93,617.93,612.14,2014.02.28 11:30:57
美元,615.52,610.58,617.98,617.98,612.14,2014.02.28 11:30:28
美元,615.57,610.63,618.03,618.03,612.14,2014.02.28 11:29:41
美元,615.27,610.34,617.73,617.73,612.14,2014.02.28 11:29:34
美元,615.07,610.14,617.53,617.53,612.14,2014.02.28 11:22:41
美元,615.17,610.24,617.63,617.63,612.14,2014.02.28 11:21:47
美元,615.27,610.34,617.73,617.73,612.14,2014.02.28 11:21:30
美元,615.37,610.43,617.83,617.83,612.14,2014.02.28 11:20:44
美元,615.47,610.53,617.93,617.93,612.14,2014.02.28 11:19:53
美元,615.57,610.63,618.03,618.03,612.14,2014.02.28 11:16:56
美元,615.47,610.53,617.93,617.93,612.14,2014.02.28 11:15:50
美元,615.57,610.63,618.03,618.03,612.14,2014.02.28 11:15:12
美元,615.67,610.73,618.13,618.13,612.14,2014.02.28 11:14:16
美元,615.77,610.83,618.23,618.23,612.14,2014.02.28 11:13:26
美元,616.07,611.13,618.53,618.53,612.14,2014.02.28 11:12:56
美元,616.27,611.33,618.74,618.74,612.14,2014.02.28 11:12:19
美元,616.36,611.42,618.84,618.84,612.14,2014.02.28 11:11:11
美元,616.51,611.57,618.99,618.99,612.14,2014.02.28 11:11:00
美元,616.61,611.67,619.09,619.09,612.14,2014.02.28 11:09:03
美元,616.46,611.52,618.94,618.94,612.14,2014.02.28 11:08:22
美元,616.27,611.33,618.74,618.74,612.14,2014.02.28 11:08:04
美元,616.07,611.13,618.53,618.53,612.14,2014.02.28 11:07:56
美元,615.97,611.03,618.43,618.43,612.14,2014.02.28 11:06:34
美元,615.77,610.83,618.23,618.23,612.14,2014.02.28 11:06:02
美元,615.67,610.73,618.13,618.13,612.14,2014.02.28 11:02:02
美元,615.57,610.63,618.03,618.03,612.14,2014.02.28 11:00:34
美元,615.17,610.24,617.63,617.63,612.14,2014.02.28 10:58:57
美元,614.97,610.04,617.43,617.43,612.14,2014.02.28 10:58:34
美元,614.87,609.94,617.33,617.33,612.14,2014.02.28 10:58:03
美元,615.07,610.14,617.53,617.53,612.14,2014.02.28 10:57:34
美元,614.77,609.84,617.23,617.23,612.14,2014.02.28 10:57:19
美元,614.57,609.64,617.03,617.03,612.14,2014.02.28 10:57:00
美元,614.27,609.35,616.73,616.73,612.14,2014.02.28 10:56:32
美元,614.17,609.25,616.63,616.63,612.14,2014.02.28 10:55:59
美元,614.07,609.15,616.53,616.53,612.14,2014.02.28 10:54:37
美元,613.87,608.95,616.33,616.33,612.14,2014.02.28 10:52:53
美元,614.07,609.15,616.53,616.53,612.14,2014.02.28 10:49:03
美元,614.12,609.2,616.58,616.58,612.14,2014.02.28 10:48:02
美元,613.97,609.05,616.43,616.43,612.14,2014.02.28 10:45:31
美元,613.87,608.95,616.33,616.33,612.14,2014.02.28 10:44:44
美元,613.67,608.75,616.13,616.13,612.14,2014.02.28 10:44:25
美元,613.62,608.7,616.08,616.08,612.14,2014.02.28 10:42:53
美元,613.52,608.6,615.98,615.98,612.14,2014.02.28 10:42:32
美元,613.42,608.5,615.88,615.88,612.14,2014.02.28 10:41:29
美元,613.37,608.45,615.83,615.83,612.14,2014.02.28 10:36:34
美元,613.07,608.16,615.53,615.53,612.14,2014.02.28 10:35:27
美元,613.07,608.16,615.53,615.53,612.14,2014.02.28 10:35:18
美元,612.92,608.01,615.38,615.38,612.14,2014.02.28 10:34:11
美元,612.97,608.06,615.43,615.43,612.14,2014.02.28 10:32:42
美元,613.02,608.11,615.48,615.48,612.14,2014.02.28 10:32:39
美元,613.02,608.11,615.48,615.48,612.14,2014.02.28 10:30:00
美元,613.02,608.11,615.48,615.48,612.14,2014.02.28 10:29:56
美元,613.02,608.11,615.48,615.48,612.14,2014.02.28 10:29:30
美元,613.07,608.16,615.53,615.53,612.14,2014.02.28 10:29:23
美元,613.07,608.16,615.53,615.53,612.14,2014.02.28 10:26:48
美元,613.12,608.21,615.58,615.58,612.14,2014.02.28 10:25:11
美元,613.17,608.26,615.63,615.63,612.14,2014.02.28 10:24:27
美元,612.99,608.08,615.45,615.45,612.14,2014.02.28 10:24:01
美元,612.77,607.86,615.23,615.23,612.14,2014.02.28 10:22:01
美元,612.72,607.81,615.18,615.18,612.14,2014.02.28 10:19:38
美元,612.72,607.81,615.18,615.18,612.14,2014.02.28 10:19:30
美元,612.67,607.76,615.13,615.13,612.14,2014.02.28 10:15:08
美元,612.72,607.81,615.18,615.18,612.14,2014.02.28 10:12:45
美元,612.77,607.86,615.23,615.23,612.14,2014.02.28 10:10:32
美元,612.67,607.76,615.13,615.13,612.14,2014.02.28 10:09:52
美元,612.62,607.71,615.08,615.08,612.14,2014.02.28 10:08:59
美元,612.57,607.66,615.03,615.03,612.14,2014.02.28 10:08:15
美元,612.47,607.56,614.93,614.93,612.14,2014.02.28 10:07:27
美元,612.27,607.37,614.73,614.73,612.14,2014.02.28 10:05:06
美元,612.37,607.46,614.83,614.83,612.14,2014.02.28 10:03:04
美元,612.42,607.51,614.88,614.88,612.14,2014.02.28 10:00:57
美元,612.47,607.56,614.93,614.93,612.14,2014.02.28 10:00:43
美元,612.52,607.61,614.98,614.98,612.14,2014.02.28 09:58:58
美元,612.57,607.66,615.03,615.03,612.14,2014.02.28 09:57:33
美元,612.62,607.71,615.08,615.08,612.14,2014.02.28 09:55:36
美元,612.47,607.56,614.93,614.93,612.14,2014.02.28 09:55:01
美元,612.37,607.46,614.83,614.83,612.14,2014.02.28 09:52:33
美元,612.27,607.37,614.73,614.73,612.14,2014.02.28 09:51:20
美元,612.32,607.41,614.78,614.78,612.14,2014.02.28 09:51:13
美元,612.37,607.46,614.83,614.83,612.14,2014.02.28 09:50:35
美元,612.42,607.51,614.88,614.88,612.14,2014.02.28 09:49:25
美元,612.37,607.46,614.83,614.83,612.14,2014.02.28 09:47:09
美元,612.27,607.37,614.73,614.73,612.14,2014.02.28 09:46:55
美元,612.17,607.27,614.63,614.63,612.14,2014.02.28 09:45:57
美元,612.07,607.17,614.53,614.53,612.14,2014.02.28 09:45:26
美元,611.97,607.07,614.43,614.43,612.14,2014.02.28 09:43:17
美元,611.92,607.02,614.38,614.38,612.14,2014.02.28 09:42:27
美元,611.87,606.97,614.33,614.33,612.14,2014.02.28 09:39:20
美元,611.77,606.87,614.23,614.23,612.14,2014.02.28 09:38:14
美元,611.82,606.92,614.28,614.28,612.14,2014.02.28 09:37:36
美元,611.87,606.97,614.33,614.33,612.14,2014.02.28 09:36:16
美元,611.82,606.92,614.28,614.28,612.14,2014.02.28 09:35:54
美元,611.77,606.87,614.23,614.23,612.14,2014.02.28 09:35:00
美元,611.72,606.82,614.18,614.18,612.14,2014.02.28 09:34:19
美元,611.67,606.77,614.13,614.13,612.14,2014.02.28 09:33:08
美元,611.57,606.67,614.03,614.03,612.14,2014.02.28 09:32:19
美元,611.47,606.57,613.93,613.93,612.14,2014.02.28 09:31:38
美元,611.28,606.38,613.73,613.73,612.14,2014.02.28 09:19:46
美元,611.28,606.38,613.73,613.73,612.14,2014.02.28 09:19:42
美元,611.28,606.38,613.73,613.73,612.24,2014.02.28 09:17:08
美元,611.47,606.57,613.93,613.93,612.24,2014.02.28 09:09:48
美元,611.47,606.57,613.93,613.93,612.24,2014.02.28 08:27:05
美元,611.53,606.63,613.99,613.99,612.24,2014.02.28 08:26:19
美元,611.59,606.69,614.05,614.05,612.24,2014.02.28 08:25:33
美元,611.65,606.75,614.11,614.11,612.24,2014.02.28 08:25:04
美元,611.71,606.81,614.17,614.17,612.24,2014.02.28 08:23:30
美元,611.66,606.76,614.12,614.12,612.24,2014.02.28 08:22:30
美元,611.61,606.71,614.07,614.07,612.24,2014.02.28 08:22:04
美元,611.56,606.66,614.02,614.02,612.24,2014.02.28 08:21:28
美元,611.51,606.61,613.97,613.97,612.24,2014.02.28 08:20:35
美元,611.46,606.56,613.92,613.92,612.24,2014.02.28 08:19:45
美元,611.41,606.51,613.87,613.87,612.24,2014.02.28 08:19:09
美元,611.47,606.57,613.93,613.93,612.24,2014.02.28 07:27:09
美元,611.47,606.57,613.93,613.93,612.24,2014.02.28 00:00:05
美元,611.47,606.57,613.93,613.93,612.24,2014.02.28 00:00:05
美元,611.47,606.57,613.93,613.93,612.24,2014.02.27 19:23:54
美元,611.47,606.57,613.93,613.93,612.24,2014.02.27 19:03:37
美元,611.47,606.57,613.93,613.93,612.24,2014.02.27 18:44:52
美元,611.47,606.57,613.93,613.93,612.24,2014.02.27 17:42:06
美元,611.47,606.57,613.93,613.93,612.24,2014.02.27 16:48:11
美元,611.57,606.67,614.03,614.03,612.24,2014.02.27 16:27:18
美元,611.62,606.72,614.08,614.08,612.24,2014.02.27 16:19:32
美元,611.52,606.62,613.98,613.98,612.24,2014.02.27 16:17:12
美元,611.52,606.62,613.98,613.98,612.24,2014.02.27 16:17:03
美元,611.57,606.67,614.03,614.03,612.24,2014.02.27 16:13:43
美元,611.52,606.62,613.98,613.98,612.24,2014.02.27 16:13:12
美元,611.57,606.67,614.03,614.03,612.24,2014.02.27 16:11:08
美元,611.65,606.75,614.11,614.11,612.24,2014.02.27 16:03:14
美元,611.67,606.77,614.13,614.13,612.24,2014.02.27 16:01:04
美元,611.57,606.67,614.03,614.03,612.24,2014.02.27 16:00:41
美元,611.57,606.67,614.03,614.03,612.24,2014.02.27 15:49:21
美元,611.67,606.77,614.13,614.13,612.24,2014.02.27 15:43:16
美元,611.62,606.72,614.08,614.08,612.24,2014.02.27 15:40:17
美元,611.67,606.77,614.13,614.13,612.24,2014.02.27 15:31:14
美元,611.73,606.83,614.19,614.19,612.24,2014.02.27 15:29:25
美元,611.72,606.82,614.18,614.18,612.24,2014.02.27 15:27:37
美元,611.67,606.77,614.13,614.13,612.24,2014.02.27 15:27:12
美元,611.62,606.72,614.08,614.08,612.24,2014.02.27 15:10:25
美元,611.67,606.77,614.13,614.13,612.24,2014.02.27 14:54:13
美元,611.59,606.69,614.05,614.05,612.24,2014.02.27 14:50:46
美元,611.62,606.72,614.08,614.08,612.24,2014.02.27 14:48:46
美元,611.62,606.72,614.08,614.08,612.24,2014.02.27 14:45:05
美元,611.67,606.77,614.13,614.13,612.24,2014.02.27 14:39:51
美元,611.57,606.67,614.03,614.03,612.24,2014.02.27 14:38:06
美元,611.47,606.57,613.93,613.93,612.24,2014.02.27 14:33:41
美元,611.52,606.62,613.98,613.98,612.24,2014.02.27 14:29:26
美元,611.57,606.67,614.03,614.03,612.24,2014.02.27 14:27:53
美元,611.62,606.72,614.08,614.08,612.24,2014.02.27 14:20:05
美元,611.67,606.77,614.13,614.13,612.24,2014.02.27 14:16:13
美元,611.72,606.82,614.18,614.18,612.24,2014.02.27 14:12:54
美元,611.77,606.87,614.23,614.23,612.24,2014.02.27 14:05:17
美元,611.72,606.82,614.18,614.18,612.24,2014.02.27 14:04:34
美元,611.77,606.87,614.23,614.23,612.24,2014.02.27 14:03:04
美元,611.72,606.82,614.18,614.18,612.24,2014.02.27 14:00:40
美元,611.77,606.87,614.23,614.23,612.24,2014.02.27 14:00:09
美元,611.82,606.92,614.28,614.28,612.24,2014.02.27 13:55:53
美元,611.87,606.97,614.33,614.33,612.24,2014.02.27 13:54:09
美元,611.77,606.87,614.23,614.23,612.24,2014.02.27 13:48:46
美元,611.87,606.97,614.33,614.33,612.24,2014.02.27 13:47:04
美元,611.77,606.87,614.23,614.23,612.24,2014.02.27 13:45:51
美元,611.87,606.97,614.33,614.33,612.24,2014.02.27 13:42:36
美元,611.97,607.07,614.43,614.43,612.24,2014.02.27 13:40:33
美元,612.07,607.17,614.53,614.53,612.24,2014.02.27 13:39:15
美元,612.17,607.27,614.63,614.63,612.24,2014.02.27 13:38:39
美元,611.97,607.07,614.43,614.43,612.24,2014.02.27 13:37:23
美元,611.87,606.97,614.33,614.33,612.24,2014.02.27 13:36:27
美元,611.77,606.87,614.23,614.23,612.24,2014.02.27 13:36:02
美元,611.67,606.77,614.13,614.13,612.24,2014.02.27 13:35:23
美元,611.62,606.72,614.08,614.08,612.24,2014.02.27 13:34:31
美元,611.67,606.77,614.13,614.13,612.24,2014.02.27 13:33:05
美元,611.77,606.87,614.23,614.23,612.24,2014.02.27 13:31:59
美元,611.82,606.92,614.28,614.28,612.24,2014.02.27 13:30:47
美元,611.77,606.87,614.23,614.23,612.24,2014.02.27 13:30:01
美元,611.67,606.77,614.13,614.13,612.24,2014.02.27 13:29:43
美元,611.57,606.67,614.03,614.03,612.24,2014.02.27 13:28:01
美元,611.47,606.57,613.93,613.93,612.24,2014.02.27 13:27:01
美元,611.37,606.47,613.83,613.83,612.24,2014.02.27 13:24:24
美元,611.28,606.38,613.73,613.73,612.24,2014.02.27 13:22:11
美元,611.23,606.33,613.67,613.67,612.24,2014.02.27 13:20:31
美元,611.13,606.23,613.57,613.57,612.24,2014.02.27 13:18:01
美元,611.08,606.18,613.52,613.52,612.24,2014.02.27 12:45:17
美元,611.1,606.2,613.54,613.54,612.24,2014.02.27 12:36:37
美元,611.13,606.23,613.57,613.57,612.24,2014.02.27 12:32:50
美元,611.11,606.21,613.55,613.55,612.24,2014.02.27 12:32:34
美元,611.11,606.21,613.55,613.55,612.24,2014.02.27 12:09:02
美元,611.15,606.25,613.59,613.59,612.24,2014.02.27 11:51:14
美元,611.18,606.28,613.62,613.62,612.24,2014.02.27 11:45:22
美元,611.21,606.31,613.65,613.65,612.24,2014.02.27 11:34:45
美元,611.18,606.28,613.62,613.62,612.24,2014.02.27 11:26:17
美元,611.15,606.25,613.59,613.59,612.24,2014.02.27 11:20:27
美元,611.1,606.2,613.54,613.54,612.24,2014.02.27 11:18:48
美元,611.06,606.16,613.5,613.5,612.24,2014.02.27 11:16:08
美元,611.08,606.18,613.52,613.52,612.24,2014.02.27 11:08:33
美元,611.1,606.2,613.54,613.54,612.24,2014.02.27 10:59:59
美元,611.15,606.25,613.59,613.59,612.24,2014.02.27 10:52:03
美元,611.17,606.27,613.61,613.61,612.24,2014.02.27 10:48:36
美元,611.13,606.23,613.57,613.57,612.24,2014.02.27 10:47:06
美元,611.08,606.18,613.52,613.52,612.24,2014.02.27 10:36:37
美元,611.12,606.22,613.56,613.56,612.24,2014.02.27 10:36:24
美元,611.12,606.22,613.56,613.56,612.24,2014.02.27 10:30:00
美元,611.12,606.22,613.56,613.56,612.24,2014.02.27 10:25:29
美元,611.08,606.18,613.52,613.52,612.24,2014.02.27 10:23:44
美元,611.15,606.25,613.59,613.59,612.24,2014.02.27 10:18:07
美元,611.18,606.28,613.62,613.62,612.24,2014.02.27 10:14:55
美元,611.21,606.31,613.65,613.65,612.24,2014.02.27 10:12:46
美元,611.18,606.28,613.62,613.62,612.24,2014.02.27 10:06:49
美元,611.13,606.23,613.57,613.57,612.24,2014.02.27 10:05:29
美元,611.18,606.28,613.62,613.62,612.24,2014.02.27 09:57:41
美元,611.08,606.18,613.52,613.52,612.24,2014.02.27 09:54:52
美元,611.03,606.13,613.47,613.47,612.24,2014.02.27 09:54:28
美元,610.88,605.98,613.32,613.32,612.24,2014.02.27 09:52:41
美元,611.03,606.13,613.47,613.47,612.24,2014.02.27 09:50:06
美元,611.08,606.18,613.52,613.52,612.24,2014.02.27 09:46:14
美元,611.18,606.28,613.62,613.62,612.24,2014.02.27 09:45:49
美元,611.28,606.38,613.73,613.73,612.24,2014.02.27 09:41:29
美元,611.37,606.47,613.83,613.83,612.24,2014.02.27 09:40:46
美元,611.28,606.38,613.73,613.73,612.24,2014.02.27 09:39:25
美元,611.13,606.23,613.57,613.57,612.24,2014.02.27 09:35:12
美元,611.08,606.18,613.52,613.52,612.24,2014.02.27 09:34:55
美元,611.16,606.26,613.6,613.6,612.24,2014.02.27 09:34:45
美元,611.16,606.26,613.6,613.6,612.24,2014.02.27 09:34:44
美元,611.23,606.33,613.67,613.67,612.24,2014.02.27 09:34:18
美元,611.28,606.38,613.73,613.73,612.24,2014.02.27 09:33:18
美元,611.37,606.47,613.83,613.83,612.24,2014.02.27 09:32:45
美元,611.39,606.49,613.85,613.85,612.24,2014.02.27 09:32:33
美元,611.35,606.45,613.81,613.81,612.24,2014.02.27 09:32:20
美元,611.37,606.47,613.83,613.83,612.24,2014.02.27 09:31:23
美元,611.28,606.38,613.73,613.73,612.24,2014.02.27 09:30:26
美元,611.18,606.28,613.62,613.62,612.24,2014.02.27 09:22:53
美元,611.18,606.28,613.62,613.62,612.24,2014.02.27 09:22:48
美元,611.18,606.28,613.62,613.62,611.92,2014.02.27 08:37:58
美元,611.18,606.28,613.62,613.62,611.92,2014.02.27 08:30:43
美元,611.18,606.28,613.62,613.62,611.92,2014.02.27 08:26:26
美元,611.28,606.38,613.73,613.73,611.92,2014.02.27 08:25:21
美元,611.37,606.47,613.83,613.83,611.92,2014.02.27 08:23:24
美元,611.32,606.42,613.78,613.78,611.92,2014.02.27 08:22:04
美元,611.28,606.38,613.73,613.73,611.92,2014.02.27 08:19:49
美元,611.23,606.33,613.67,613.67,611.92,2014.02.27 08:16:58
美元,611.18,606.28,613.62,613.62,611.92,2014.02.27 08:10:09
美元,611.24,606.34,613.68,613.68,611.92,2014.02.27 08:09:30
美元,611.29,606.39,613.75,613.75,611.92,2014.02.27 08:08:54
美元,611.35,606.45,613.81,613.81,611.92,2014.02.27 08:08:13
美元,611.3,606.4,613.76,613.76,611.92,2014.02.27 08:07:37
美元,611.26,606.36,613.7,613.7,611.92,2014.02.27 08:07:00
美元,611.21,606.31,613.65,613.65,611.92,2014.02.27 08:06:12
美元,611.16,606.26,613.6,613.6,611.92,2014.02.27 08:05:24
美元,611.06,606.16,613.5,613.5,611.92,2014.02.27 08:04:08
美元,611.13,606.23,613.57,613.57,611.92,2014.02.27 08:03:15
美元,611.18,606.28,613.62,613.62,611.92,2014.02.27 07:33:38
美元,611.13,606.23,613.57,613.57,611.92,2014.02.27 07:33:27
美元,611.18,606.28,613.62,613.62,611.92,2014.02.27 07:32:10
美元,611.18,606.28,613.62,613.62,611.92,2014.02.27 00:00:05
美元,611.18,606.28,613.62,613.62,611.92,2014.02.27 00:00:05
美元,611.18,606.28,613.62,613.62,611.92,2014.02.26 18:53:41
美元,611.18,606.28,613.62,613.62,611.92,2014.02.26 18:43:28
美元,611.18,606.28,613.62,613.62,611.92,2014.02.26 18:02:51
美元,611.18,606.28,613.62,613.62,611.92,2014.02.26 17:23:06
美元,611.18,606.28,613.62,613.62,611.92,2014.02.26 16:28:04
美元,611.28,606.38,613.73,613.73,611.92,2014.02.26 16:27:45
美元,611.37,606.47,613.83,613.83,611.92,2014.02.26 16:24:33
美元,611.18,606.28,613.62,613.62,611.92,2014.02.26 16:23:40
美元,611.08,606.18,613.52,613.52,611.92,2014.02.26 16:22:38
美元,610.78,605.88,613.22,613.22,611.92,2014.02.26 16:20:58
美元,610.58,605.68,613.02,613.02,611.92,2014.02.26 16:18:38
美元,610.68,605.78,613.12,613.12,611.92,2014.02.26 16:17:34
美元,610.78,605.88,613.22,613.22,611.92,2014.02.26 16:15:58
美元,610.98,606.08,613.42,613.42,611.92,2014.02.26 16:15:20
美元,611.08,606.18,613.52,613.52,611.92,2014.02.26 16:15:00
美元,611.23,606.33,613.67,613.67,611.92,2014.02.26 16:11:34
美元,611.28,606.38,613.73,613.73,611.92,2014.02.26 16:10:23
美元,611.37,606.47,613.83,613.83,611.92,2014.02.26 16:07:41
美元,611.42,606.52,613.88,613.88,611.92,2014.02.26 16:07:13
美元,611.47,606.57,613.93,613.93,611.92,2014.02.26 16:06:48
美元,611.52,606.62,613.98,613.98,611.92,2014.02.26 16:06:24
美元,611.57,606.67,614.03,614.03,611.92,2014.02.26 15:57:21
美元,611.62,606.72,614.08,614.08,611.92,2014.02.26 15:55:34
美元,611.67,606.77,614.13,614.13,611.92,2014.02.26 15:52:51
美元,611.57,606.67,614.03,614.03,611.92,2014.02.26 15:52:37
美元,611.52,606.62,613.98,613.98,611.92,2014.02.26 15:51:45
美元,611.47,606.57,613.93,613.93,611.92,2014.02.26 15:44:32
美元,611.32,606.42,613.78,613.78,611.92,2014.02.26 15:40:15
美元,611.37,606.47,613.83,613.83,611.92,2014.02.26 15:39:42
美元,611.42,606.52,613.88,613.88,611.92,2014.02.26 15:36:35
美元,611.47,606.57,613.93,613.93,611.92,2014.02.26 15:35:36
美元,611.42,606.52,613.88,613.88,611.92,2014.02.26 15:35:16
美元,611.37,606.47,613.83,613.83,611.92,2014.02.26 15:34:47
美元,611.32,606.42,613.78,613.78,611.92,2014.02.26 15:34:40
美元,611.28,606.38,613.73,613.73,611.92,2014.02.26 15:34:25
美元,611.18,606.28,613.62,613.62,611.92,2014.02.26 15:33:52
美元,611.13,606.23,613.57,613.57,611.92,2014.02.26 15:28:13
美元,611.24,606.34,613.68,613.68,611.92,2014.02.26 15:25:17
美元,611.28,606.38,613.73,613.73,611.92,2014.02.26 15:22:00
美元,611.32,606.42,613.78,613.78,611.92,2014.02.26 15:21:18
美元,611.37,606.47,613.83,613.83,611.92,2014.02.26 15:20:59
美元,611.42,606.52,613.88,613.88,611.92,2014.02.26 15:15:02
美元,611.45,606.55,613.91,613.91,611.92,2014.02.26 15:14:34
美元,611.51,606.61,613.97,613.97,611.92,2014.02.26 15:12:24
美元,611.53,606.63,613.99,613.99,611.92,2014.02.26 14:55:39
美元,611.57,606.67,614.03,614.03,611.92,2014.02.26 14:52:03
美元,611.59,606.69,614.05,614.05,611.92,2014.02.26 14:13:31
美元,611.62,606.72,614.08,614.08,611.92,2014.02.26 14:03:08
美元,611.67,606.77,614.13,614.13,611.92,2014.02.26 14:00:00
美元,611.67,606.77,614.13,614.13,611.92,2014.02.26 13:51:36
美元,611.63,606.73,614.09,614.09,611.92,2014.02.26 11:41:32
美元,611.67,606.77,614.13,614.13,611.92,2014.02.26 11:36:28
美元,611.54,606.64,614,614,611.92,2014.02.26 11:34:06
美元,611.57,606.67,614.03,614.03,611.92,2014.02.26 11:29:08
美元,611.49,606.59,613.95,613.95,611.92,2014.02.26 11:28:06
美元,611.52,606.62,613.98,613.98,611.92,2014.02.26 11:25:17
美元,611.47,606.57,613.93,613.93,611.92,2014.02.26 11:22:55
美元,611.47,606.57,613.93,613.93,611.92,2014.02.26 11:19:36
美元,611.42,606.52,613.88,613.88,611.92,2014.02.26 11:07:39
美元,611.39,606.49,613.85,613.85,611.92,2014.02.26 10:57:38
美元,611.47,606.57,613.93,613.93,611.92,2014.02.26 10:54:18
美元,611.42,606.52,613.88,613.88,611.92,2014.02.26 10:45:56
美元,611.47,606.57,613.93,613.93,611.92,2014.02.26 10:39:07
美元,611.42,606.52,613.88,613.88,611.92,2014.02.26 10:30:00
美元,611.42,606.52,613.88,613.88,611.92,2014.02.26 10:18:54
美元,611.47,606.57,613.93,613.93,611.92,2014.02.26 10:17:06
美元,611.37,606.47,613.83,613.83,611.92,2014.02.26 10:09:43
美元,611.42,606.52,613.88,613.88,611.92,2014.02.26 10:07:37
美元,611.47,606.57,613.93,613.93,611.92,2014.02.26 10:07:21
美元,611.52,606.62,613.98,613.98,611.92,2014.02.26 10:01:38
美元,611.52,606.62,613.98,613.98,611.92,2014.02.26 09:59:01
美元,611.47,606.57,613.93,613.93,611.92,2014.02.26 09:54:53
美元,611.52,606.62,613.98,613.98,611.92,2014.02.26 09:52:21
美元,611.57,606.67,614.03,614.03,611.92,2014.02.26 09:49:10
美元,611.52,606.62,613.98,613.98,611.92,2014.02.26 09:48:43
美元,611.57,606.67,614.03,614.03,611.92,2014.02.26 09:47:10
美元,611.52,606.62,613.98,613.98,611.92,2014.02.26 09:46:16
美元,611.57,606.67,614.03,614.03,611.92,2014.02.26 09:43:57
美元,611.62,606.72,614.08,614.08,611.92,2014.02.26 09:43:32
美元,611.67,606.77,614.13,614.13,611.92,2014.02.26 09:42:41
美元,611.57,606.67,614.03,614.03,611.92,2014.02.26 09:41:40
美元,611.52,606.62,613.98,613.98,611.92,2014.02.26 09:40:47
美元,611.62,606.72,614.08,614.08,611.92,2014.02.26 09:39:31
美元,611.72,606.82,614.18,614.18,611.92,2014.02.26 09:38:51
美元,611.77,606.87,614.23,614.23,611.92,2014.02.26 09:37:04
美元,611.82,606.92,614.28,614.28,611.92,2014.02.26 09:35:40
美元,611.92,607.02,614.38,614.38,611.92,2014.02.26 09:35:10
美元,611.87,606.97,614.33,614.33,611.92,2014.02.26 09:34:02
美元,612.05,607.15,614.51,614.51,611.92,2014.02.26 09:33:52
美元,612.07,607.17,614.53,614.53,611.92,2014.02.26 09:32:31
美元,611.77,606.87,614.23,614.23,611.92,2014.02.26 09:31:34
美元,611.77,606.87,614.23,614.23,611.92,2014.02.26 09:31:18
美元,611.37,606.47,613.83,613.83,611.92,2014.02.26 09:30:19
美元,611.28,606.38,613.73,613.73,611.92,2014.02.26 09:24:25
美元,611.28,606.38,613.73,613.73,611.92,2014.02.26 09:24:19
美元,611.28,606.38,613.73,613.73,611.84,2014.02.26 08:56:31
美元,611.28,606.38,613.73,613.73,611.84,2014.02.26 08:28:01
美元,611.42,606.52,613.88,613.88,611.84,2014.02.26 08:26:12
美元,611.53,606.63,613.99,613.99,611.84,2014.02.26 08:22:43
美元,611.47,606.57,613.93,613.93,611.84,2014.02.26 08:20:58
美元,611.42,606.52,613.88,613.88,611.84,2014.02.26 08:18:21
美元,611.37,606.47,613.83,613.83,611.84,2014.02.26 08:15:42
美元,611.32,606.42,613.78,613.78,611.84,2014.02.26 08:13:16
美元,611.28,606.38,613.73,613.73,611.84,2014.02.26 08:11:32
美元,611.24,606.34,613.68,613.68,611.84,2014.02.26 08:10:20
美元,611.24,606.34,613.68,613.68,611.84,2014.02.26 08:03:34
美元,611.28,606.38,613.73,613.73,611.84,2014.02.26 07:52:51
美元,611.28,606.38,613.73,613.73,611.84,2014.02.26 00:00:05
美元,611.28,606.38,613.73,613.73,611.84,2014.02.26 00:00:05
美元,611.28,606.38,613.73,613.73,611.84,2014.02.25 21:00:38
美元,611.28,606.38,613.73,613.73,611.84,2014.02.25 17:58:26
美元,611.47,606.57,613.93,613.93,611.84,2014.02.25 17:52:06
美元,611.28,606.38,613.73,613.73,611.84,2014.02.25 17:29:30
美元,611.28,606.38,613.73,613.73,611.84,2014.02.25 17:26:40
美元,611.28,606.38,613.73,613.73,611.84,2014.02.25 17:18:25
美元,611.28,606.38,613.73,613.73,611.84,2014.02.25 16:30:54
美元,611.18,606.28,613.62,613.62,611.84,2014.02.25 16:30:37
美元,611.08,606.18,613.52,613.52,611.84,2014.02.25 16:28:37
美元,611.18,606.28,613.62,613.62,611.84,2014.02.25 16:24:04
美元,611.13,606.23,613.57,613.57,611.84,2014.02.25 16:23:51
美元,610.98,606.08,613.42,613.42,611.84,2014.02.25 16:21:32
美元,611.08,606.18,613.52,613.52,611.84,2014.02.25 16:21:02
美元,611.13,606.23,613.57,613.57,611.84,2014.02.25 16:20:07
美元,611.13,606.23,613.57,613.57,611.84,2014.02.25 16:20:04
美元,611.18,606.28,613.62,613.62,611.84,2014.02.25 16:16:46
美元,611.28,606.38,613.73,613.73,611.84,2014.02.25 16:11:33
美元,611.42,606.52,613.88,613.88,611.84,2014.02.25 16:11:13
美元,611.52,606.62,613.98,613.98,611.84,2014.02.25 16:08:27
美元,611.57,606.67,614.03,614.03,611.84,2014.02.25 16:07:28
美元,611.67,606.77,614.13,614.13,611.84,2014.02.25 16:05:55
美元,611.77,606.87,614.23,614.23,611.84,2014.02.25 16:04:23
美元,611.57,606.67,614.03,614.03,611.84,2014.02.25 16:02:16
美元,611.37,606.47,613.83,613.83,611.84,2014.02.25 16:01:50
美元,611.32,606.42,613.78,613.78,611.84,2014.02.25 16:01:06
美元,611.18,606.28,613.62,613.62,611.84,2014.02.25 16:00:06
美元,611.03,606.13,613.47,613.47,611.84,2014.02.25 15:59:32
美元,610.98,606.08,613.42,613.42,611.84,2014.02.25 15:57:09
美元,610.93,606.03,613.37,613.37,611.84,2014.02.25 15:57:01
美元,610.83,605.93,613.27,613.27,611.84,2014.02.25 15:54:42
美元,610.78,605.88,613.22,613.22,611.84,2014.02.25 15:49:05
美元,610.73,605.83,613.17,613.17,611.84,2014.02.25 15:48:34
美元,610.78,605.88,613.22,613.22,611.84,2014.02.25 15:48:21
美元,610.83,605.93,613.27,613.27,611.84,2014.02.25 15:47:20
美元,610.78,605.88,613.22,613.22,611.84,2014.02.25 15:46:53
美元,610.73,605.83,613.17,613.17,611.84,2014.02.25 15:46:26
美元,610.68,605.78,613.12,613.12,611.84,2014.02.25 15:43:58
美元,610.58,605.68,613.02,613.02,611.84,2014.02.25 15:42:57
美元,610.48,605.58,612.92,612.92,611.84,2014.02.25 15:41:31
美元,610.53,605.63,612.97,612.97,611.84,2014.02.25 15:40:52
美元,610.43,605.53,612.87,612.87,611.84,2014.02.25 15:39:27
美元,610.37,605.47,612.81,612.81,611.84,2014.02.25 15:38:14
美元,610.33,605.43,612.77,612.77,611.84,2014.02.25 15:35:11
美元,610.33,605.43,612.77,612.77,611.84,2014.02.25 15:34:17
美元,610.33,605.43,612.77,612.77,611.84,2014.02.25 15:32:18
美元,610.38,605.48,612.82,612.82,611.84,2014.02.25 15:22:53
美元,610.28,605.39,612.72,612.72,611.84,2014.02.25 15:20:41
美元,610.23,605.34,612.67,612.67,611.84,2014.02.25 15:20:24
美元,610.18,605.29,612.62,612.62,611.84,2014.02.25 15:12:06
美元,610.13,605.24,612.57,612.57,611.84,2014.02.25 15:09:00
美元,610.11,605.22,612.55,612.55,611.84,2014.02.25 15:01:15
美元,610.13,605.24,612.57,612.57,611.84,2014.02.25 14:54:39
美元,610.08,605.19,612.52,612.52,611.84,2014.02.25 14:45:33
美元,610.11,605.22,612.55,612.55,611.84,2014.02.25 14:31:32
美元,610.15,605.26,612.59,612.59,611.84,2014.02.25 14:28:37
美元,610.18,605.29,612.62,612.62,611.84,2014.02.25 14:14:31
美元,610.22,605.33,612.66,612.66,611.84,2014.02.25 14:05:32
美元,610.18,605.29,612.62,612.62,611.84,2014.02.25 13:59:02
美元,610.08,605.19,612.52,612.52,611.84,2014.02.25 13:57:31
美元,610.08,605.19,612.52,612.52,611.84,2014.02.25 13:55:40
美元,610.03,605.14,612.47,612.47,611.84,2014.02.25 13:51:06
美元,610.08,605.19,612.52,612.52,611.84,2014.02.25 13:48:40
美元,610.13,605.24,612.57,612.57,611.84,2014.02.25 13:46:16
美元,610.08,605.19,612.52,612.52,611.84,2014.02.25 13:44:21
美元,610.03,605.14,612.47,612.47,611.84,2014.02.25 13:42:42
美元,609.98,605.09,612.42,612.42,611.84,2014.02.25 13:42:15
美元,609.93,605.04,612.37,612.37,611.84,2014.02.25 13:41:15
美元,609.83,604.94,612.27,612.27,611.84,2014.02.25 13:30:38
美元,609.78,604.89,612.22,612.22,611.84,2014.02.25 12:16:38
美元,609.83,604.94,612.27,612.27,611.84,2014.02.25 12:05:19
美元,609.73,604.84,612.17,612.17,611.84,2014.02.25 11:52:00
美元,609.68,604.79,612.12,612.12,611.84,2014.02.25 11:43:38
美元,609.58,604.69,612.02,612.02,611.84,2014.02.25 11:40:58
美元,609.63,604.74,612.07,612.07,611.84,2014.02.25 11:38:17
美元,609.68,604.79,612.12,612.12,611.84,2014.02.25 11:37:40
美元,609.73,604.84,612.17,612.17,611.84,2014.02.25 11:37:20
美元,609.78,604.89,612.22,612.22,611.84,2014.02.25 11:32:18
美元,609.83,604.94,612.27,612.27,611.84,2014.02.25 11:31:55
美元,609.85,604.96,612.29,612.29,611.84,2014.02.25 11:27:18
美元,609.87,604.98,612.31,612.31,611.84,2014.02.25 11:19:16
美元,609.89,605,612.33,612.33,611.84,2014.02.25 11:15:43
美元,609.91,605.02,612.35,612.35,611.84,2014.02.25 11:05:49
美元,609.85,604.96,612.29,612.29,611.84,2014.02.25 10:59:49
美元,609.87,604.98,612.31,612.31,611.84,2014.02.25 10:49:12
美元,609.83,604.94,612.27,612.27,611.84,2014.02.25 10:45:49
美元,609.86,604.97,612.3,612.3,611.84,2014.02.25 10:45:29
美元,609.83,604.94,612.27,612.27,611.84,2014.02.25 10:43:16
美元,609.78,604.89,612.22,612.22,611.84,2014.02.25 10:39:38
美元,609.83,604.94,612.27,612.27,611.84,2014.02.25 10:39:29
美元,609.88,604.99,612.32,612.32,611.84,2014.02.25 10:36:29
美元,609.9,605.01,612.34,612.34,611.84,2014.02.25 10:35:37
美元,609.96,605.07,612.4,612.4,611.84,2014.02.25 10:31:04
美元,609.98,605.09,612.42,612.42,611.84,2014.02.25 10:30:00
美元,609.98,605.09,612.42,612.42,611.84,2014.02.25 10:28:53
美元,610.06,605.17,612.5,612.5,611.84,2014.02.25 10:25:12
美元,610.1,605.21,612.54,612.54,611.84,2014.02.25 10:18:21
美元,610.13,605.24,612.57,612.57,611.84,2014.02.25 10:13:53
美元,610.03,605.14,612.47,612.47,611.84,2014.02.25 10:10:37
美元,609.98,605.09,612.42,612.42,611.84,2014.02.25 10:08:08
美元,610.03,605.14,612.47,612.47,611.84,2014.02.25 10:07:43
美元,610.08,605.19,612.52,612.52,611.84,2014.02.25 10:02:40
美元,610.13,605.24,612.57,612.57,611.84,2014.02.25 10:01:53
美元,610.18,605.29,612.62,612.62,611.84,2014.02.25 09:57:59
美元,610.18,605.29,612.62,612.62,611.84,2014.02.25 09:54:19
美元,610.13,605.24,612.57,612.57,611.84,2014.02.25 09:53:12
美元,610.23,605.34,612.67,612.67,611.84,2014.02.25 09:50:52
美元,610.38,605.48,612.82,612.82,611.84,2014.02.25 09:45:21
美元,610.48,605.58,612.92,612.92,611.84,2014.02.25 09:45:12
美元,610.68,605.78,613.12,613.12,611.84,2014.02.25 09:42:34
美元,610.78,605.88,613.22,613.22,611.84,2014.02.25 09:41:34
美元,610.68,605.78,613.12,613.12,611.84,2014.02.25 09:40:08
美元,610.78,605.88,613.22,613.22,611.84,2014.02.25 09:39:28
美元,610.98,606.08,613.42,613.42,611.84,2014.02.25 09:37:24
美元,610.78,605.88,613.22,613.22,611.84,2014.02.25 09:36:51
美元,610.58,605.68,613.02,613.02,611.84,2014.02.25 09:35:45
美元,610.38,605.48,612.82,612.82,611.84,2014.02.25 09:35:16
美元,610.08,605.19,612.52,612.52,611.84,2014.02.25 09:34:40
美元,609.78,604.89,612.22,612.22,611.84,2014.02.25 09:33:59
美元,609.58,604.69,612.02,612.02,611.84,2014.02.25 09:33:43
美元,609.38,604.49,611.82,611.82,611.84,2014.02.25 09:32:50
美元,609.28,604.4,611.72,611.72,611.84,2014.02.25 09:31:37
美元,609.18,604.3,611.62,611.62,611.84,2014.02.25 09:31:13
美元,608.78,603.9,611.22,611.22,611.84,2014.02.25 09:30:55
美元,608.68,603.8,611.12,611.12,611.84,2014.02.25 09:29:43
美元,608.69,603.81,611.13,611.13,611.84,2014.02.25 09:28:28
美元,608.68,603.8,611.12,611.12,611.84,2014.02.25 09:28:20
美元,608.68,603.8,611.12,611.12,611.84,2014.02.25 09:27:40
美元,608.69,603.81,611.13,611.13,611.84,2014.02.25 09:27:27
美元,608.69,603.81,611.13,611.13,611.84,2014.02.25 09:24:47
美元,608.68,603.8,611.12,611.12,611.84,2014.02.25 09:23:58
美元,608.68,603.8,611.12,611.12,611.84,2014.02.25 09:20:25
美元,608.68,603.8,611.12,611.12,611.89,2014.02.25 09:16:55
美元,608.68,603.8,611.12,611.12,611.89,2014.02.25 09:13:08
美元,608.68,603.8,611.12,611.12,611.89,2014.02.25 09:11:44
美元,608.68,603.8,611.12,611.12,611.89,2014.02.25 09:08:03
美元,608.68,603.8,611.12,611.12,611.89,2014.02.25 09:07:11
美元,608.68,603.8,611.12,611.12,611.89,2014.02.25 09:06:08
美元,608.68,603.8,611.12,611.12,611.89,2014.02.25 09:05:43
美元,608.68,603.8,611.12,611.12,611.89,2014.02.25 09:05:30
美元,608.68,603.8,611.12,611.12,611.89,2014.02.25 09:04:29
美元,608.68,603.8,611.12,611.12,611.89,2014.02.25 08:24:40
美元,608.68,603.8,611.12,611.12,611.89,2014.02.25 08:11:59
美元,608.68,603.8,611.12,611.12,611.89,2014.02.25 08:11:48
美元,608.73,603.85,611.17,611.17,611.89,2014.02.25 08:10:59
美元,608.63,603.75,611.07,611.07,611.89,2014.02.25 08:08:50
美元,608.53,603.65,610.97,610.97,611.89,2014.02.25 08:07:44
美元,608.42,603.54,610.86,610.86,611.89,2014.02.25 08:06:51
美元,608.48,603.6,610.92,610.92,611.89,2014.02.25 08:04:36
美元,608.58,603.7,611.02,611.02,611.89,2014.02.25 08:04:04
美元,608.68,603.8,611.12,611.12,611.89,2014.02.25 07:15:16
美元,608.68,603.8,611.12,611.12,611.89,2014.02.25 00:00:05
美元,608.68,603.8,611.12,611.12,611.89,2014.02.25 00:00:05
美元,608.68,603.8,611.12,611.12,611.89,2014.02.24 18:43:28
美元,608.68,603.8,611.12,611.12,611.89,2014.02.24 18:31:06
美元,608.68,603.8,611.12,611.12,611.89,2014.02.24 17:59:41
美元,608.58,603.7,611.02,611.02,611.89,2014.02.24 17:49:01
美元,609.58,604.69,612.02,612.02,611.89,2014.02.24 17:48:55
美元,608.58,603.7,611.02,611.02,611.89,2014.02.24 17:16:32
美元,608.58,603.7,611.02,611.02,611.89,2014.02.24 16:34:27
美元,608.68,603.8,611.12,611.12,611.89,2014.02.24 16:32:38
美元,608.68,603.8,611.12,611.12,611.89,2014.02.24 16:30:02
美元,608.53,603.65,610.97,610.97,611.89,2014.02.24 16:29:00
美元,608.38,603.5,610.82,610.82,611.89,2014.02.24 16:26:57
美元,608.33,603.45,610.77,610.77,611.89,2014.02.24 16:25:30
美元,608.28,603.41,610.72,610.72,611.89,2014.02.24 16:24:27
美元,608.22,603.35,610.66,610.66,611.89,2014.02.24 16:22:02
美元,608.18,603.31,610.62,610.62,611.89,2014.02.24 16:20:17
美元,608.1,603.23,610.54,610.54,611.89,2014.02.24 16:17:25
美元,608.07,603.2,610.51,610.51,611.89,2014.02.24 16:13:33
美元,608.07,603.2,610.51,610.51,611.89,2014.02.24 16:13:15
美元,608.11,603.24,610.55,610.55,611.89,2014.02.24 16:05:04
美元,608.08,603.21,610.52,610.52,611.89,2014.02.24 16:02:46
美元,608.06,603.19,610.5,610.5,611.89,2014.02.24 15:59:13
美元,608.08,603.21,610.52,610.52,611.89,2014.02.24 15:54:40
美元,608.03,603.16,610.47,610.47,611.89,2014.02.24 15:51:54
美元,608.06,603.19,610.5,610.5,611.89,2014.02.24 15:45:17
美元,608.08,603.21,610.52,610.52,611.89,2014.02.24 15:44:37
美元,608.01,603.14,610.45,610.45,611.89,2014.02.24 15:43:44
美元,608.03,603.16,610.47,610.47,611.89,2014.02.24 15:41:44
美元,608.06,603.19,610.5,610.5,611.89,2014.02.24 15:36:16
美元,608.08,603.21,610.52,610.52,611.89,2014.02.24 15:32:35
美元,608.11,603.24,610.55,610.55,611.89,2014.02.24 15:30:49
美元,608.15,603.28,610.59,610.59,611.89,2014.02.24 15:10:22
美元,608.15,603.28,610.59,610.59,611.89,2014.02.24 15:07:28
美元,608.19,603.32,610.63,610.63,611.89,2014.02.24 15:04:18
美元,608.19,603.32,610.63,610.63,611.89,2014.02.24 14:55:13
美元,608.21,603.34,610.65,610.65,611.89,2014.02.24 14:41:45
美元,608.23,603.36,610.67,610.67,611.89,2014.02.24 14:39:21
美元,608.25,603.38,610.69,610.69,611.89,2014.02.24 14:15:07
美元,608.23,603.36,610.67,610.67,611.89,2014.02.24 14:10:28
美元,608.21,603.34,610.65,610.65,611.89,2014.02.24 14:07:50
美元,608.18,603.31,610.62,610.62,611.89,2014.02.24 14:04:12
美元,608.13,603.26,610.57,610.57,611.89,2014.02.24 14:02:11
美元,608.15,603.28,610.59,610.59,611.89,2014.02.24 13:51:57
美元,608.13,603.26,610.57,610.57,611.89,2014.02.24 13:32:27
美元,608.18,603.31,610.62,610.62,611.89,2014.02.24 12:16:49
美元,608.21,603.34,610.65,610.65,611.89,2014.02.24 11:28:26
美元,608.24,603.37,610.68,610.68,611.89,2014.02.24 11:15:05
美元,608.26,603.39,610.7,610.7,611.89,2014.02.24 11:09:50
美元,608.28,603.41,610.72,610.72,611.89,2014.02.24 11:00:54
美元,608.31,603.43,610.75,610.75,611.89,2014.02.24 10:55:03
美元,608.28,603.41,610.72,610.72,611.89,2014.02.24 10:51:59
美元,608.23,603.36,610.67,610.67,611.89,2014.02.24 10:30:00
美元,608.23,603.36,610.67,610.67,611.89,2014.02.24 10:10:43
美元,608.23,603.36,610.67,610.67,611.89,2014.02.24 10:03:17
美元,608.28,603.41,610.72,610.72,611.89,2014.02.24 10:00:45
美元,608.31,603.43,610.75,610.75,611.89,2014.02.24 09:54:28
美元,608.36,603.48,610.8,610.8,611.89,2014.02.24 09:51:38
美元,608.33,603.45,610.77,610.77,611.89,2014.02.24 09:44:31
美元,608.38,603.5,610.82,610.82,611.89,2014.02.24 09:43:49
美元,608.33,603.45,610.77,610.77,611.89,2014.02.24 09:43:42
美元,608.38,603.5,610.82,610.82,611.89,2014.02.24 09:36:39
美元,608.43,603.55,610.87,610.87,611.89,2014.02.24 09:34:32
美元,608.38,603.5,610.82,610.82,611.89,2014.02.24 09:32:51
美元,608.38,603.5,610.82,610.82,611.89,2014.02.24 09:31:53
美元,608.48,603.6,610.92,610.92,611.89,2014.02.24 09:31:11
美元,608.28,603.41,610.72,610.72,611.89,2014.02.24 09:31:02
美元,607.78,602.91,610.22,610.22,611.89,2014.02.24 09:26:04
美元,607.78,602.91,610.22,610.22,611.89,2014.02.24 09:25:59
美元,607.78,602.91,610.22,610.22,611.76,2014.02.24 09:18:31
美元,607.78,602.91,610.22,610.22,611.76,2014.02.24 08:15:29
美元,607.88,603.01,610.32,610.32,611.76,2014.02.24 08:14:53
美元,608.03,603.16,610.47,610.47,611.76,2014.02.24 08:10:57
美元,607.98,603.11,610.42,610.42,611.76,2014.02.24 08:10:17
美元,607.93,603.06,610.37,610.37,611.76,2014.02.24 08:09:28
美元,607.88,603.01,610.32,610.32,611.76,2014.02.24 08:08:56
美元,607.83,602.96,610.27,610.27,611.76,2014.02.24 08:07:51
美元,607.78,602.91,610.22,610.22,611.76,2014.02.24 08:06:14
美元,607.68,602.81,610.12,610.12,611.76,2014.02.24 08:05:32
美元,607.73,602.86,610.17,610.17,611.76,2014.02.24 08:04:17
美元,607.78,602.91,610.22,610.22,611.76,2014.02.24 07:58:22
美元,607.86,602.99,610.3,610.3,611.76,2014.02.24 07:58:10
美元,607.86,602.99,610.3,610.3,611.76,2014.02.24 00:00:05
美元,607.86,602.99,610.3,610.3,611.76,2014.02.24 00:00:05
美元,607.86,602.99,610.3,610.3,611.76,2014.02.23 10:30:00
美元,607.86,602.99,610.3,610.3,611.76,2014.02.23 00:00:05
美元,607.86,602.99,610.3,610.3,611.76,2014.02.23 00:00:05
美元,607.86,602.99,610.3,610.3,611.76,2014.02.22 10:30:00
美元,607.86,602.99,610.3,610.3,611.76,2014.02.22 10:30:00
美元,607.86,602.99,610.3,610.3,611.76,2014.02.22 10:30:00
美元,607.86,602.99,610.3,610.3,611.76,2014.02.22 10:30:00
美元,607.86,602.99,610.3,610.3,611.76,2014.02.22 10:30:00
美元,607.86,602.99,610.3,610.3,611.76,2014.02.22 10:30:00
美元,607.86,602.99,610.3,610.3,611.76,2014.02.22 10:30:00
美元,607.86,602.99,610.3,610.3,611.76,2014.02.22 10:30:00
美元,607.86,602.99,610.3,610.3,611.76,2014.02.22 10:30:00
美元,607.86,602.99,610.3,610.3,611.76,2014.02.22 00:00:05
美元,607.86,602.99,610.3,610.3,611.76,2014.02.22 00:00:05
美元,607.86,602.99,610.3,610.3,611.76,2014.02.21 21:43:23
美元,607.86,602.99,610.3,610.3,611.76,2014.02.21 19:14:00
美元,607.86,602.99,610.3,610.3,611.76,2014.02.21 19:04:07
美元,607.86,602.99,610.3,610.3,611.76,2014.02.21 17:44:14
美元,609.86,604.97,612.3,612.3,611.76,2014.02.21 17:44:11
美元,607.86,602.99,610.3,610.3,611.76,2014.02.21 17:32:22
美元,607.86,602.99,610.3,610.3,611.76,2014.02.21 17:22:00
美元,607.86,602.99,610.3,610.3,611.76,2014.02.21 16:37:31
美元,607.86,602.99,610.3,610.3,611.76,2014.02.21 16:34:51
美元,607.88,603.01,610.32,610.32,611.76,2014.02.21 16:22:30
美元,607.93,603.06,610.37,610.37,611.76,2014.02.21 16:18:26
美元,607.98,603.11,610.42,610.42,611.76,2014.02.21 16:11:19
美元,607.96,603.09,610.4,610.4,611.76,2014.02.21 16:10:24
美元,607.78,602.91,610.22,610.22,611.76,2014.02.21 16:09:37
美元,607.73,602.86,610.17,610.17,611.76,2014.02.21 16:08:52
美元,607.68,602.81,610.12,610.12,611.76,2014.02.21 16:07:59
美元,607.53,602.66,609.97,609.97,611.76,2014.02.21 16:06:12
美元,607.58,602.71,610.02,610.02,611.76,2014.02.21 16:01:41
美元,607.48,602.61,609.92,609.92,611.76,2014.02.21 16:00:00
美元,607.53,602.66,609.97,609.97,611.76,2014.02.21 15:58:05
美元,607.58,602.71,610.02,610.02,611.76,2014.02.21 15:57:04
美元,607.63,602.76,610.07,610.07,611.76,2014.02.21 15:53:52
美元,607.63,602.76,610.07,610.07,611.76,2014.02.21 15:53:09
美元,607.63,602.76,610.07,610.07,611.76,2014.02.21 15:52:11
美元,607.63,602.76,610.07,610.07,611.76,2014.02.21 15:51:06
美元,607.7,602.83,610.14,610.14,611.76,2014.02.21 15:47:28
美元,607.67,602.8,610.11,610.11,611.76,2014.02.21 15:45:57
美元,607.7,602.83,610.14,610.14,611.76,2014.02.21 15:45:08
美元,607.73,602.86,610.17,610.17,611.76,2014.02.21 15:30:56
美元,607.68,602.81,610.12,610.12,611.76,2014.02.21 15:30:00
美元,607.63,602.76,610.07,610.07,611.76,2014.02.21 15:28:24
美元,607.68,602.81,610.12,610.12,611.76,2014.02.21 15:26:05
美元,607.73,602.86,610.17,610.17,611.76,2014.02.21 15:22:37
美元,607.75,602.88,610.19,610.19,611.76,2014.02.21 15:14:46
美元,607.78,602.91,610.22,610.22,611.76,2014.02.21 15:08:47
美元,607.81,602.94,610.25,610.25,611.76,2014.02.21 15:03:52
美元,607.83,602.96,610.27,610.27,611.76,2014.02.21 14:47:57
美元,607.86,602.99,610.3,610.3,611.76,2014.02.21 14:40:59
美元,607.83,602.96,610.27,610.27,611.76,2014.02.21 14:36:37
美元,607.87,603,610.31,610.31,611.76,2014.02.21 14:36:05
美元,607.87,603,610.31,610.31,611.76,2014.02.21 14:22:59
美元,607.83,602.96,610.27,610.27,611.76,2014.02.21 14:13:16
美元,607.88,603.01,610.32,610.32,611.76,2014.02.21 14:10:46
美元,607.83,602.96,610.27,610.27,611.76,2014.02.21 14:10:11
美元,607.73,602.86,610.17,610.17,611.76,2014.02.21 14:08:08
美元,607.76,602.89,610.2,610.2,611.76,2014.02.21 14:07:28
美元,607.78,602.91,610.22,610.22,611.76,2014.02.21 14:04:04
美元,607.78,602.91,610.22,610.22,611.76,2014.02.21 14:00:11
美元,607.8,602.93,610.24,610.24,611.76,2014.02.21 13:51:31
美元,607.83,602.96,610.27,610.27,611.76,2014.02.21 13:48:21
美元,607.78,602.91,610.22,610.22,611.76,2014.02.21 13:47:32
美元,607.88,603.01,610.32,610.32,611.76,2014.02.21 13:43:01
美元,607.83,602.96,610.27,610.27,611.76,2014.02.21 13:39:53
美元,607.78,602.91,610.22,610.22,611.76,2014.02.21 13:38:38
美元,607.76,602.89,610.2,610.2,611.76,2014.02.21 13:38:02
美元,607.73,602.86,610.17,610.17,611.76,2014.02.21 13:35:41
美元,607.68,602.81,610.12,610.12,611.76,2014.02.21 13:30:50
美元,607.68,602.81,610.12,610.12,611.76,2014.02.21 13:30:21
美元,607.68,602.81,610.12,610.12,611.76,2014.02.21 13:21:40
美元,607.63,602.76,610.07,610.07,611.76,2014.02.21 13:15:17
美元,607.63,602.76,610.07,610.07,611.76,2014.02.21 12:32:40
美元,607.58,602.71,610.02,610.02,611.76,2014.02.21 12:18:37
美元,607.58,602.71,610.02,610.02,611.76,2014.02.21 12:16:22
美元,607.58,602.71,610.02,610.02,611.76,2014.02.21 12:06:08
美元,607.66,602.79,610.1,610.1,611.76,2014.02.21 11:59:34
美元,607.7,602.83,610.14,610.14,611.76,2014.02.21 11:50:06
美元,607.73,602.86,610.17,610.17,611.76,2014.02.21 11:49:12
美元,607.78,602.91,610.22,610.22,611.76,2014.02.21 11:48:31
美元,607.81,602.94,610.25,610.25,611.76,2014.02.21 11:46:42
美元,607.86,602.99,610.3,610.3,611.76,2014.02.21 11:37:38
美元,607.88,603.01,610.32,610.32,611.76,2014.02.21 11:26:47
美元,607.93,603.06,610.37,610.37,611.76,2014.02.21 11:23:17
美元,607.96,603.09,610.4,610.4,611.76,2014.02.21 10:40:26
美元,607.99,603.12,610.43,610.43,611.76,2014.02.21 10:37:48
美元,608.01,603.14,610.45,610.45,611.76,2014.02.21 10:30:00
美元,608.01,603.14,610.45,610.45,611.76,2014.02.21 10:24:38
美元,608.03,603.16,610.47,610.47,611.76,2014.02.21 10:23:40
美元,607.98,603.11,610.42,610.42,611.76,2014.02.21 10:22:40
美元,607.93,603.06,610.37,610.37,611.76,2014.02.21 10:19:21
美元,607.91,603.04,610.35,610.35,611.76,2014.02.21 10:16:00
美元,607.96,603.09,610.4,610.4,611.76,2014.02.21 10:13:50
美元,607.98,603.11,610.42,610.42,611.76,2014.02.21 10:08:18
美元,608,603.13,610.44,610.44,611.76,2014.02.21 09:48:20
美元,608.03,603.16,610.47,610.47,611.76,2014.02.21 09:40:32
美元,608.06,603.19,610.5,610.5,611.76,2014.02.21 09:39:22
美元,608.03,603.16,610.47,610.47,611.76,2014.02.21 09:33:21
美元,607.98,603.11,610.42,610.42,611.76,2014.02.21 09:32:33
美元,607.88,603.01,610.32,610.32,611.76,2014.02.21 09:31:17
美元,607.58,602.71,610.02,610.02,611.76,2014.02.21 09:30:59
美元,607.58,602.71,610.02,610.02,611.76,2014.02.21 09:30:27
美元,607.08,602.22,609.52,609.52,611.76,2014.02.21 09:29:31
美元,607.08,602.22,609.52,609.52,611.76,2014.02.21 09:23:30
美元,607.08,602.22,609.52,609.52,611.76,2014.02.21 09:23:26
美元,607.08,602.22,609.52,609.52,611.46,2014.02.21 09:11:56
美元,607.08,602.22,609.52,609.52,611.46,2014.02.21 09:11:02
美元,607.08,602.22,609.52,609.52,611.46,2014.02.21 09:10:58
美元,607.08,602.22,609.52,609.52,611.46,2014.02.21 09:01:19
美元,607.08,602.22,609.52,609.52,611.46,2014.02.21 08:24:59
美元,607.23,602.37,609.67,609.67,611.46,2014.02.21 08:24:31
美元,607.33,602.46,609.77,609.77,611.46,2014.02.21 08:24:03
美元,607.28,602.42,609.72,609.72,611.46,2014.02.21 08:23:11
美元,607.23,602.37,609.67,609.67,611.46,2014.02.21 08:22:56
美元,607.18,602.32,609.62,609.62,611.46,2014.02.21 08:13:35
美元,607.08,602.22,609.52,609.52,611.46,2014.02.21 08:12:05
美元,606.98,602.12,609.42,609.42,611.46,2014.02.21 08:10:47
美元,606.88,602.02,609.32,609.32,611.46,2014.02.21 08:10:31
美元,606.93,602.07,609.37,609.37,611.46,2014.02.21 08:09:56
美元,606.98,602.12,609.42,609.42,611.46,2014.02.21 08:06:57
美元,607.03,602.17,609.47,609.47,611.46,2014.02.21 08:06:12
美元,607.08,602.22,609.52,609.52,611.46,2014.02.21 07:45:06
美元,607.08,602.22,609.52,609.52,611.46,2014.02.21 00:00:05
美元,607.08,602.22,609.52,609.52,611.46,2014.02.21 00:00:05
美元,607.08,602.22,609.52,609.52,611.46,2014.02.20 18:14:15
美元,607.08,602.22,609.52,609.52,611.46,2014.02.20 18:05:34
美元,607.08,602.22,609.52,609.52,611.46,2014.02.20 17:34:19
美元,610.08,605.19,612.52,612.52,611.46,2014.02.20 17:34:17
美元,607.08,602.22,609.52,609.52,611.46,2014.02.20 17:14:51
美元,606.98,602.12,609.42,609.42,611.46,2014.02.20 16:58:37
美元,607.08,602.22,609.52,609.52,611.46,2014.02.20 16:51:08
美元,607.08,602.22,609.52,609.52,611.46,2014.02.20 16:50:48
美元,607.08,602.22,609.52,609.52,611.46,2014.02.20 16:31:53
美元,607.13,602.27,609.57,609.57,611.46,2014.02.20 16:28:31
美元,607.06,602.2,609.5,609.5,611.46,2014.02.20 16:19:43
美元,607.08,602.22,609.52,609.52,611.46,2014.02.20 16:17:15
美元,607.13,602.27,609.57,609.57,611.46,2014.02.20 16:10:52
美元,607.16,602.3,609.6,609.6,611.46,2014.02.20 16:09:13
美元,607.13,602.27,609.57,609.57,611.46,2014.02.20 16:07:12
美元,607.13,602.27,609.57,609.57,611.46,2014.02.20 16:05:28
美元,607.13,602.27,609.57,609.57,611.46,2014.02.20 16:00:06
美元,607.08,602.22,609.52,609.52,611.46,2014.02.20 15:58:48
美元,607.08,602.22,609.52,609.52,611.46,2014.02.20 15:57:01
美元,607.08,602.22,609.52,609.52,611.46,2014.02.20 15:56:19
美元,607.08,602.22,609.52,609.52,611.46,2014.02.20 15:55:50
美元,607.08,602.22,609.52,609.52,611.46,2014.02.20 15:55:41
美元,607.03,602.17,609.47,609.47,611.46,2014.02.20 15:55:05
美元,607.03,602.17,609.47,609.47,611.46,2014.02.20 15:54:15
美元,607.08,602.22,609.52,609.52,611.46,2014.02.20 15:42:52
美元,607.09,602.23,609.53,609.53,611.46,2014.02.20 15:39:02
美元,607.11,602.25,609.55,609.55,611.46,2014.02.20 15:35:10
美元,607.11,602.25,609.55,609.55,611.46,2014.02.20 15:34:19
美元,607.11,602.25,609.55,609.55,611.46,2014.02.20 15:32:31
美元,607.11,602.25,609.55,609.55,611.46,2014.02.20 15:32:10
美元,607.11,602.25,609.55,609.55,611.46,2014.02.20 15:32:00
美元,607.11,602.25,609.55,609.55,611.46,2014.02.20 15:28:02
美元,607.11,602.25,609.55,609.55,611.46,2014.02.20 15:27:40
美元,607.11,602.25,609.55,609.55,611.46,2014.02.20 15:26:12
美元,607.11,602.25,609.55,609.55,611.46,2014.02.20 15:21:18
美元,607.11,602.25,609.55,609.55,611.46,2014.02.20 15:18:23
美元,607.13,602.27,609.57,609.57,611.46,2014.02.20 15:09:04
美元,607.13,602.27,609.57,609.57,611.46,2014.02.20 15:08:33
美元,607.13,602.27,609.57,609.57,611.46,2014.02.20 15:08:15
美元,607.13,602.27,609.57,609.57,611.46,2014.02.20 15:08:03
美元,607.13,602.27,609.57,609.57,611.46,2014.02.20 15:07:39
美元,607.11,602.25,609.55,609.55,611.46,2014.02.20 15:06:13
美元,607.11,602.25,609.55,609.55,611.46,2014.02.20 15:03:53
美元,607.13,602.27,609.57,609.57,611.46,2014.02.20 14:55:02
美元,607.15,602.29,609.59,609.59,611.46,2014.02.20 14:49:22
美元,607.16,602.3,609.6,609.6,611.46,2014.02.20 14:40:57
美元,607.13,602.27,609.57,609.57,611.46,2014.02.20 14:38:04
美元,607.15,602.29,609.59,609.59,611.46,2014.02.20 14:37:20
美元,607.18,602.32,609.62,609.62,611.46,2014.02.20 14:27:40
美元,607.18,602.32,609.62,609.62,611.46,2014.02.20 14:21:53
美元,607.18,602.32,609.62,609.62,611.46,2014.02.20 14:13:15
美元,607.16,602.3,609.6,609.6,611.46,2014.02.20 14:12:13
美元,607.13,602.27,609.57,609.57,611.46,2014.02.20 14:04:09
美元,607.08,602.22,609.52,609.52,611.46,2014.02.20 13:42:18
美元,607.08,602.22,609.52,609.52,611.46,2014.02.20 13:30:10
美元,607.08,602.22,609.52,609.52,611.46,2014.02.20 13:13:43
美元,607.08,602.22,609.52,609.52,611.46,2014.02.20 12:44:39
美元,607.08,602.22,609.52,609.52,611.46,2014.02.20 11:53:24
美元,607.18,602.32,609.62,609.62,611.46,2014.02.20 11:02:30
美元,607.18,602.32,609.62,609.62,611.46,2014.02.20 11:00:36
美元,607.13,602.27,609.57,609.57,611.46,2014.02.20 10:57:38
美元,607.18,602.32,609.62,609.62,611.46,2014.02.20 10:56:04
美元,607.13,602.27,609.57,609.57,611.46,2014.02.20 10:53:27
美元,607.08,602.22,609.52,609.52,611.46,2014.02.20 10:52:28
美元,607.03,602.17,609.47,609.47,611.46,2014.02.20 10:50:29
美元,606.98,602.12,609.42,609.42,611.46,2014.02.20 10:49:58
美元,606.88,602.02,609.32,609.32,611.46,2014.02.20 10:47:35
美元,606.83,601.97,609.27,609.27,611.46,2014.02.20 10:43:42
美元,606.88,602.02,609.32,609.32,611.46,2014.02.20 10:36:53
美元,606.92,602.06,609.36,609.36,611.46,2014.02.20 10:35:08
美元,606.98,602.12,609.42,609.42,611.46,2014.02.20 10:33:01
美元,607.03,602.17,609.47,609.47,611.46,2014.02.20 10:30:00
美元,607.03,602.17,609.47,609.47,611.46,2014.02.20 10:12:12
美元,607.08,602.22,609.52,609.52,611.46,2014.02.20 10:07:55
美元,607.03,602.17,609.47,609.47,611.46,2014.02.20 10:00:07
美元,607.03,602.17,609.47,609.47,611.46,2014.02.20 09:58:09
美元,607.03,602.17,609.47,609.47,611.46,2014.02.20 09:57:11
美元,607.03,602.17,609.47,609.47,611.46,2014.02.20 09:57:10
美元,607.03,602.17,609.47,609.47,611.46,2014.02.20 09:52:32
美元,607.03,602.17,609.47,609.47,611.46,2014.02.20 09:46:35
美元,607.04,602.18,609.48,609.48,611.46,2014.02.20 09:46:19
美元,607.05,602.19,609.49,609.49,611.46,2014.02.20 09:46:04
美元,607.03,602.17,609.47,609.47,611.46,2014.02.20 09:45:36
美元,607.03,602.17,609.47,609.47,611.46,2014.02.20 09:39:05
美元,607.08,602.22,609.52,609.52,611.46,2014.02.20 09:37:12
美元,607.03,602.17,609.47,609.47,611.46,2014.02.20 09:36:55
美元,607.18,602.32,609.62,609.62,611.46,2014.02.20 11:02:30
美元,607.18,602.32,609.62,609.62,611.46,2014.02.20 11:00:36
美元,607.08,602.22,609.52,609.52,611.46,2014.02.20 09:33:36
美元,606.98,602.12,609.42,609.42,611.46,2014.02.20 09:32:48
美元,606.88,602.02,609.32,609.32,611.46,2014.02.20 09:32:03
美元,606.78,601.92,609.22,609.22,611.46,2014.02.20 09:31:22
美元,606.68,601.82,609.12,609.12,611.46,2014.02.20 09:30:47
美元,606.58,601.72,609.02,609.02,611.46,2014.02.20 09:30:22
美元,606.29,601.43,608.72,608.72,611.46,2014.02.20 09:24:08
美元,606.29,601.43,608.72,608.72,611.46,2014.02.20 09:24:04
美元,606.29,601.43,608.72,608.72,611.03,2014.02.20 09:03:28
美元,606.29,601.43,608.72,608.72,611.03,2014.02.20 09:01:12
美元,606.29,601.43,608.72,608.72,611.03,2014.02.20 08:22:49
美元,606.38,601.52,608.82,608.82,611.03,2014.02.20 08:21:48
美元,606.33,601.47,608.77,608.77,611.03,2014.02.20 08:19:45
美元,606.29,601.43,608.72,608.72,611.03,2014.02.20 08:11:50
美元,606.29,601.43,608.72,608.72,611.03,2014.02.20 08:11:26
美元,606.33,601.47,608.77,608.77,611.03,2014.02.20 08:11:14
美元,606.43,601.57,608.87,608.87,611.03,2014.02.20 08:10:58
美元,606.53,601.67,608.97,608.97,611.03,2014.02.20 08:10:29
美元,606.48,601.62,608.92,608.92,611.03,2014.02.20 08:09:46
美元,606.43,601.57,608.87,608.87,611.03,2014.02.20 08:09:25
美元,606.38,601.52,608.82,608.82,611.03,2014.02.20 08:08:44
美元,606.33,601.47,608.77,608.77,611.03,2014.02.20 08:06:56
美元,606.29,601.43,608.72,608.72,611.03,2014.02.20 08:06:12
美元,606.24,601.38,608.66,608.66,611.03,2014.02.20 08:05:09
美元,606.19,601.33,608.61,608.61,611.03,2014.02.20 08:02:41
美元,606.19,601.33,608.61,608.61,611.03,2014.02.20 07:54:45
美元,606.23,601.37,608.65,608.65,611.03,2014.02.20 07:54:32
美元,606.23,601.37,608.65,608.65,611.03,2014.02.20 07:54:15
美元,606.23,601.37,608.65,608.65,611.03,2014.02.20 07:50:13
美元,606.29,601.43,608.72,608.72,611.03,2014.02.20 07:41:44
美元,606.29,601.43,608.72,608.72,611.03,2014.02.20 07:40:13
美元,606.29,601.43,608.72,608.72,611.03,2014.02.20 07:37:14
美元,606.29,601.43,608.72,608.72,611.03,2014.02.20 00:00:05
美元,606.29,601.43,608.72,608.72,611.03,2014.02.20 00:00:05
美元,606.29,601.43,608.72,608.72,611.03,2014.02.19 19:59:57
美元,606.29,601.43,608.72,608.72,611.03,2014.02.19 19:39:26
美元,606.29,601.43,608.72,608.72,611.03,2014.02.19 19:35:22
美元,606.29,601.43,608.72,608.72,611.03,2014.02.19 19:05:22
美元,606.29,601.43,608.72,608.72,611.03,2014.02.19 18:38:24
美元,606.29,601.43,608.72,608.72,611.03,2014.02.19 18:03:11
美元,606.29,601.43,608.72,608.72,611.03,2014.02.19 17:52:49
美元,606.29,601.43,608.72,608.72,611.03,2014.02.19 17:33:52
美元,606.24,601.38,608.66,608.66,611.03,2014.02.19 17:30:32
美元,606.24,601.38,608.66,608.66,611.03,2014.02.19 17:19:44
美元,609.23,604.35,611.67,611.67,611.03,2014.02.19 17:19:42
美元,606.24,601.38,608.66,608.66,611.03,2014.02.19 16:41:49
美元,606.33,601.47,608.77,608.77,611.03,2014.02.19 16:31:10
美元,606.38,601.52,608.82,608.82,611.03,2014.02.19 16:24:02
美元,606.33,601.47,608.77,608.77,611.03,2014.02.19 16:20:56
美元,606.24,601.38,608.66,608.66,611.03,2014.02.19 16:11:34
美元,606.29,601.43,608.72,608.72,611.03,2014.02.19 16:08:24
美元,606.31,601.45,608.75,608.75,611.03,2014.02.19 16:04:10
美元,606.35,601.49,608.79,608.79,611.03,2014.02.19 15:56:24
美元,606.38,601.52,608.82,608.82,611.03,2014.02.19 15:53:08
美元,606.33,601.47,608.77,608.77,611.03,2014.02.19 15:46:43
美元,606.33,601.47,608.77,608.77,611.03,2014.02.19 15:29:35
美元,606.27,601.41,608.69,608.69,611.03,2014.02.19 15:26:29
美元,606.24,601.38,608.66,608.66,611.03,2014.02.19 15:16:42
美元,606.19,601.33,608.61,608.61,611.03,2014.02.19 15:15:20
美元,606.19,601.33,608.61,608.61,611.03,2014.02.19 15:09:33
美元,606.24,601.38,608.66,608.66,611.03,2014.02.19 14:45:35
美元,606.24,601.38,608.66,608.66,611.03,2014.02.19 14:45:18
美元,606.24,601.38,608.66,608.66,611.03,2014.02.19 14:41:20
美元,606.26,601.4,608.68,608.68,611.03,2014.02.19 14:31:00
美元,606.24,601.38,608.66,608.66,611.03,2014.02.19 14:23:22
美元,606.26,601.4,608.68,608.68,611.03,2014.02.19 14:22:59
美元,606.26,601.4,608.68,608.68,611.03,2014.02.19 14:22:08
美元,606.26,601.4,608.68,608.68,611.03,2014.02.19 14:20:37
美元,606.23,601.37,608.65,608.65,611.03,2014.02.19 14:13:26
美元,606.23,601.37,608.65,608.65,611.03,2014.02.19 14:02:42
美元,606.17,601.31,608.59,608.59,611.03,2014.02.19 13:58:33
美元,606.2,601.34,608.62,608.62,611.03,2014.02.19 13:44:37
美元,606.17,601.31,608.59,608.59,611.03,2014.02.19 13:29:01
美元,606.17,601.31,608.59,608.59,611.03,2014.02.19 12:23:05
美元,606.17,601.31,608.59,608.59,611.03,2014.02.19 11:54:14
美元,606.17,601.31,608.59,608.59,611.03,2014.02.19 11:05:32
美元,606.19,601.33,608.61,608.61,611.03,2014.02.19 10:56:29
美元,606.24,601.38,608.66,608.66,611.03,2014.02.19 10:55:36
美元,606.19,601.33,608.61,608.61,611.03,2014.02.19 10:49:02
美元,606.24,601.38,608.66,608.66,611.03,2014.02.19 10:41:39
美元,606.29,601.43,608.72,608.72,611.03,2014.02.19 10:30:00
美元,606.29,601.43,608.72,608.72,611.03,2014.02.19 10:24:14
美元,606.22,601.36,608.64,608.64,611.03,2014.02.19 10:17:19
美元,606.24,601.38,608.66,608.66,611.03,2014.02.19 10:15:01
美元,606.27,601.41,608.69,608.69,611.03,2014.02.19 10:11:58
美元,606.29,601.43,608.72,608.72,611.03,2014.02.19 10:03:51
美元,606.33,601.47,608.77,608.77,611.03,2014.02.19 10:00:07
美元,606.38,601.52,608.82,608.82,611.03,2014.02.19 09:58:12
美元,606.29,601.43,608.72,608.72,611.03,2014.02.19 09:57:01
美元,606.33,601.47,608.77,608.77,611.03,2014.02.19 09:55:18
美元,606.29,601.43,608.72,608.72,611.03,2014.02.19 09:54:52
美元,606.12,601.26,608.54,608.54,611.03,2014.02.19 09:53:17
美元,606.14,601.28,608.56,608.56,611.03,2014.02.19 09:49:18
美元,606.06,601.2,608.48,608.48,611.03,2014.02.19 09:48:37
美元,606.09,601.23,608.51,608.51,611.03,2014.02.19 09:46:31
美元,605.97,601.11,608.39,608.39,611.03,2014.02.19 09:43:42
美元,605.99,601.13,608.41,608.41,611.03,2014.02.19 09:41:32
美元,605.92,601.06,608.34,608.34,611.03,2014.02.19 09:38:43
美元,605.89,601.03,608.31,608.31,611.03,2014.02.19 09:38:26
美元,605.87,601.01,608.29,608.29,611.03,2014.02.19 09:37:55
美元,605.89,601.03,608.31,608.31,611.03,2014.02.19 09:36:09
美元,605.79,600.93,608.21,608.21,611.03,2014.02.19 09:33:43
美元,605.59,600.73,608.01,608.01,611.03,2014.02.19 09:33:23
美元,605.54,600.68,607.96,607.96,611.03,2014.02.19 09:30:36
美元,605.39,600.53,607.81,607.81,611.03,2014.02.19 09:23:44
美元,605.39,600.53,607.81,607.81,611.03,2014.02.19 09:23:39
美元,605.39,600.53,607.81,607.81,611.03,2014.02.19 09:21:11
美元,605.39,600.53,607.81,607.81,610.73,2014.02.19 09:13:50
美元,605.39,600.53,607.81,607.81,610.73,2014.02.19 08:54:30
美元,605.39,600.53,607.81,607.81,610.73,2014.02.19 08:44:48
美元,605.39,600.53,607.81,607.81,610.73,2014.02.19 08:30:56
美元,605.39,600.53,607.81,607.81,610.73,2014.02.19 08:25:35
美元,605.39,600.53,607.81,607.81,610.73,2014.02.19 08:10:01
美元,605.32,600.46,607.74,607.74,610.73,2014.02.19 08:09:05
美元,605.44,600.58,607.86,607.86,610.73,2014.02.19 08:07:52
美元,605.54,600.68,607.96,607.96,610.73,2014.02.19 08:07:12
美元,605.64,600.78,608.06,608.06,610.73,2014.02.19 08:03:16
美元,605.49,600.63,607.91,607.91,610.73,2014.02.19 07:49:00
美元,605.49,600.63,607.91,607.91,610.73,2014.02.19 00:00:05
美元,605.49,600.63,607.91,607.91,610.73,2014.02.19 00:00:05
美元,605.49,600.63,607.91,607.91,610.73,2014.02.18 19:09:43
美元,605.49,600.63,607.91,607.91,610.73,2014.02.18 18:53:51
美元,605.49,600.63,607.91,607.91,610.73,2014.02.18 18:32:21
美元,605.49,600.63,607.91,607.91,610.73,2014.02.18 18:12:29
美元,605.49,600.63,607.91,607.91,610.73,2014.02.18 17:46:06
美元,605.49,600.63,607.91,607.91,610.73,2014.02.18 17:21:44
美元,609.48,604.59,611.92,611.92,610.73,2014.02.18 17:21:42
美元,605.49,600.63,607.91,607.91,610.73,2014.02.18 16:49:47
美元,605.49,600.63,607.91,607.91,610.73,2014.02.18 16:31:56
美元,605.52,600.66,607.94,607.94,610.73,2014.02.18 16:28:52
美元,605.44,600.58,607.86,607.86,610.73,2014.02.18 16:14:35
美元,605.35,600.49,607.77,607.77,610.73,2014.02.18 16:08:05
美元,605.37,600.51,607.79,607.79,610.73,2014.02.18 15:48:59
美元,605.37,600.51,607.79,607.79,610.73,2014.02.18 15:40:26
美元,605.39,600.53,607.81,607.81,610.73,2014.02.18 15:29:58
美元,605.43,600.57,607.85,607.85,610.73,2014.02.18 15:29:14
美元,605.46,600.6,607.88,607.88,610.73,2014.02.18 15:27:49
美元,605.46,600.6,607.88,607.88,610.73,2014.02.18 15:25:13
美元,605.46,600.6,607.88,607.88,610.73,2014.02.18 15:24:47
美元,605.46,600.6,607.88,607.88,610.73,2014.02.18 15:14:05
美元,605.46,600.6,607.88,607.88,610.73,2014.02.18 15:12:25
美元,605.41,600.55,607.83,607.83,610.73,2014.02.18 15:09:10
美元,605.41,600.55,607.83,607.83,610.73,2014.02.18 15:08:09
美元,605.41,600.55,607.83,607.83,610.73,2014.02.18 15:04:00
美元,605.41,600.55,607.83,607.83,610.73,2014.02.18 15:02:12
美元,605.44,600.58,607.86,607.86,610.73,2014.02.18 15:01:05
美元,605.44,600.58,607.86,607.86,610.73,2014.02.18 14:58:29
美元,605.39,600.53,607.81,607.81,610.73,2014.02.18 14:53:33
美元,605.44,600.58,607.86,607.86,610.73,2014.02.18 14:49:57
美元,605.41,600.55,607.83,607.83,610.73,2014.02.18 14:48:04
美元,605.36,600.5,607.78,607.78,610.73,2014.02.18 14:46:02
美元,605.39,600.53,607.81,607.81,610.73,2014.02.18 14:44:57
美元,605.34,600.48,607.76,607.76,610.73,2014.02.18 14:44:10
美元,605.32,600.46,607.74,607.74,610.73,2014.02.18 14:42:06
美元,605.32,600.46,607.74,607.74,610.73,2014.02.18 14:41:53
美元,605.32,600.46,607.74,607.74,610.73,2014.02.18 14:40:38
美元,605.24,600.39,607.66,607.66,610.73,2014.02.18 14:20:29
美元,605.26,600.41,607.68,607.68,610.73,2014.02.18 14:12:17
美元,605.26,600.41,607.68,607.68,610.73,2014.02.18 14:09:23
美元,605.26,600.41,607.68,607.68,610.73,2014.02.18 14:08:02
美元,605.26,600.41,607.68,607.68,610.73,2014.02.18 14:06:51
美元,605.26,600.41,607.68,607.68,610.73,2014.02.18 14:06:05
美元,605.26,600.41,607.68,607.68,610.73,2014.02.18 13:50:23
美元,605.23,600.38,607.65,607.65,610.73,2014.02.18 13:41:20
美元,605.25,600.4,607.67,607.67,610.73,2014.02.18 13:18:24
美元,605.25,600.4,607.67,607.67,610.73,2014.02.18 12:56:47
美元,605.25,600.4,607.67,607.67,610.73,2014.02.18 12:34:33
美元,605.25,600.4,607.67,607.67,610.73,2014.02.18 11:59:37
美元,605.25,600.4,607.67,607.67,610.73,2014.02.18 11:52:27
美元,605.25,600.4,607.67,607.67,610.73,2014.02.18 11:46:43
美元,605.25,600.4,607.67,607.67,610.73,2014.02.18 11:40:25
美元,605.25,600.4,607.67,607.67,610.73,2014.02.18 11:36:42
美元,605.25,600.4,607.67,607.67,610.73,2014.02.18 11:33:00
美元,605.25,600.4,607.67,607.67,610.73,2014.02.18 10:59:57
美元,605.27,600.42,607.69,607.69,610.73,2014.02.18 10:51:35
美元,605.29,600.44,607.71,607.71,610.73,2014.02.18 10:34:27
美元,605.32,600.46,607.74,607.74,610.73,2014.02.18 10:30:00
美元,605.32,600.46,607.74,607.74,610.73,2014.02.18 10:11:25
美元,605.34,600.48,607.76,607.76,610.73,2014.02.18 10:09:06
美元,605.29,600.44,607.71,607.71,610.73,2014.02.18 10:07:52
美元,605.22,600.37,607.64,607.64,610.73,2014.02.18 10:05:34
美元,605.15,600.3,607.57,607.57,610.73,2014.02.18 10:05:18
美元,605.15,600.3,607.57,607.57,610.73,2014.02.18 10:03:46
美元,605.15,600.3,607.57,607.57,610.73,2014.02.18 10:01:16
美元,605.18,600.33,607.6,607.6,610.73,2014.02.18 09:59:59
美元,605.21,600.36,607.63,607.63,610.73,2014.02.18 09:52:55
美元,605.23,600.38,607.65,607.65,610.73,2014.02.18 09:48:18
美元,605.18,600.33,607.6,607.6,610.73,2014.02.18 09:44:58
美元,605.21,600.36,607.63,607.63,610.73,2014.02.18 09:43:02
美元,605.21,600.36,607.63,607.63,610.73,2014.02.18 09:39:41
美元,605.23,600.38,607.65,607.65,610.73,2014.02.18 09:38:25
美元,605.22,600.37,607.64,607.64,610.73,2014.02.18 09:37:02
美元,605.23,600.38,607.65,607.65,610.73,2014.02.18 09:33:09
美元,605.25,600.4,607.67,607.67,610.73,2014.02.18 09:30:29
美元,605.14,600.29,607.56,607.56,610.73,2014.02.18 09:26:24
美元,605.07,600.22,607.49,607.49,610.73,2014.02.18 09:25:33
美元,605.07,600.22,607.49,607.49,610.73,2014.02.18 09:23:36
美元,605.07,600.22,607.49,607.49,610.73,2014.02.18 09:23:32
美元,605.07,600.22,607.49,607.49,610.73,2014.02.18 09:21:16
美元,605.07,600.22,607.49,607.49,610.53,2014.02.18 09:08:31
美元,605.07,600.22,607.49,607.49,610.53,2014.02.18 08:50:37
美元,605.07,600.22,607.49,607.49,610.53,2014.02.18 08:33:06
美元,605.07,600.22,607.49,607.49,610.53,2014.02.18 08:30:49
美元,605.07,600.22,607.49,607.49,610.53,2014.02.18 08:21:54
美元,605.07,600.22,607.49,607.49,610.53,2014.02.18 08:17:56
美元,605.07,600.22,607.49,607.49,610.53,2014.02.18 08:11:55
美元,604.99,600.14,607.41,607.41,610.53,2014.02.18 08:11:39
美元,605.09,600.24,607.51,607.51,610.53,2014.02.18 08:11:13
美元,605.19,600.34,607.61,607.61,610.53,2014.02.18 08:10:47
美元,605.29,600.44,607.71,607.71,610.53,2014.02.18 08:10:26
美元,605.24,600.39,607.66,607.66,610.53,2014.02.18 08:10:02
美元,605.19,600.34,607.61,607.61,610.53,2014.02.18 08:08:46
美元,605.19,600.34,607.61,607.61,610.53,2014.02.18 08:08:39
美元,605.14,600.29,607.56,607.56,610.53,2014.02.18 08:05:09
美元,605.07,600.22,607.49,607.49,610.53,2014.02.18 07:49:02
美元,605.07,600.22,607.49,607.49,610.53,2014.02.18 00:00:05
美元,605.07,600.22,607.49,607.49,610.53,2014.02.18 00:00:05
美元,605.07,600.22,607.49,607.49,610.53,2014.02.17 18:49:20
美元,605.07,600.22,607.49,607.49,610.53,2014.02.17 18:40:25
美元,605.07,600.22,607.49,607.49,610.53,2014.02.17 18:27:06
美元,605.07,600.22,607.49,607.49,610.53,2014.02.17 17:49:47
美元,605.07,600.22,607.49,607.49,610.53,2014.02.17 17:33:32
美元,609.06,604.18,611.5,611.5,610.53,2014.02.17 17:33:29
美元,605.07,600.22,607.49,607.49,610.53,2014.02.17 17:05:33
美元,605.07,600.22,607.49,607.49,610.53,2014.02.17 16:57:46
美元,605.07,600.22,607.49,607.49,610.53,2014.02.17 16:22:44
美元,605.07,600.22,607.49,607.49,610.53,2014.02.17 16:22:38
美元,605.03,600.18,607.45,607.45,610.53,2014.02.17 16:19:59
美元,605.06,600.21,607.48,607.48,610.53,2014.02.17 16:13:52
美元,605.08,600.23,607.5,607.5,610.53,2014.02.17 16:10:44
美元,605.1,600.25,607.52,607.52,610.53,2014.02.17 16:03:56
美元,605.12,600.27,607.54,607.54,610.53,2014.02.17 16:01:30
美元,605.12,600.27,607.54,607.54,610.53,2014.02.17 15:44:15
美元,605.14,600.29,607.56,607.56,610.53,2014.02.17 15:41:20
美元,605.12,600.27,607.54,607.54,610.53,2014.02.17 15:23:17
美元,605.12,600.27,607.54,607.54,610.53,2014.02.17 15:11:04
美元,605.12,600.27,607.54,607.54,610.53,2014.02.17 14:58:23
美元,605.12,600.27,607.54,607.54,610.53,2014.02.17 14:37:09
美元,605.14,600.29,607.56,607.56,610.53,2014.02.17 14:21:17
美元,605.16,600.31,607.58,607.58,610.53,2014.02.17 14:13:35
美元,605.17,600.32,607.59,607.59,610.53,2014.02.17 14:08:29
美元,605.1,600.25,607.52,607.52,610.53,2014.02.17 14:02:37
美元,605.04,600.19,607.46,607.46,610.53,2014.02.17 14:01:48
美元,604.96,600.11,607.38,607.38,610.53,2014.02.17 13:50:08
美元,604.98,600.13,607.4,607.4,610.53,2014.02.17 13:47:38
美元,605,600.15,607.42,607.42,610.53,2014.02.17 12:43:16
美元,605,600.15,607.42,607.42,610.53,2014.02.17 12:24:33
美元,605.02,600.17,607.44,607.44,610.53,2014.02.17 11:46:53
美元,605.04,600.19,607.46,607.46,610.53,2014.02.17 11:25:55
美元,605.06,600.21,607.48,607.48,610.53,2014.02.17 10:59:29
美元,605.08,600.23,607.5,607.5,610.53,2014.02.17 10:58:04
美元,605.08,600.23,607.5,607.5,610.53,2014.02.17 10:47:04
美元,605.08,600.23,607.5,607.5,610.53,2014.02.17 10:30:47
美元,605.1,600.25,607.52,607.52,610.53,2014.02.17 10:30:00
美元,605.1,600.25,607.52,607.52,610.53,2014.02.17 10:27:01
美元,605.12,600.27,607.54,607.54,610.53,2014.02.17 10:07:37
美元,605.15,600.3,607.57,607.57,610.53,2014.02.17 10:01:01
美元,605.2,600.35,607.62,607.62,610.53,2014.02.17 09:55:12
美元,605.24,600.39,607.66,607.66,610.53,2014.02.17 09:50:34
美元,605.21,600.36,607.63,607.63,610.53,2014.02.17 09:44:40
美元,605.23,600.38,607.65,607.65,610.53,2014.02.17 09:44:30
美元,605.25,600.4,607.67,607.67,610.53,2014.02.17 09:42:26
美元,605.19,600.34,607.61,607.61,610.53,2014.02.17 09:41:07
美元,605.18,600.33,607.6,607.6,610.53,2014.02.17 09:40:03
美元,605.16,600.31,607.58,607.58,610.53,2014.02.17 09:38:34
美元,605.14,600.29,607.56,607.56,610.53,2014.02.17 09:37:54
美元,605.17,600.32,607.59,607.59,610.53,2014.02.17 09:37:37
美元,605.14,600.29,607.56,607.56,610.53,2014.02.17 09:37:13
美元,605.14,600.29,607.56,607.56,610.53,2014.02.17 09:32:59
美元,605.14,600.29,607.56,607.56,610.53,2014.02.17 09:22:14
美元,605.14,600.29,607.56,607.56,610.53,2014.02.17 09:22:11
美元,605.14,600.29,607.56,607.56,610.7,2014.02.17 09:14:09
美元,605.14,600.29,607.56,607.56,610.7,2014.02.17 09:02:07
美元,605.14,600.29,607.56,607.56,610.7,2014.02.17 08:37:26
美元,605.29,600.44,607.71,607.71,610.7,2014.02.17 08:15:13
美元,605.24,600.39,607.66,607.66,610.7,2014.02.17 08:12:26
美元,605.29,600.44,607.71,607.71,610.7,2014.02.17 08:09:49
美元,605.34,600.48,607.76,607.76,610.7,2014.02.17 08:08:38
美元,605.39,600.53,607.81,607.81,610.7,2014.02.17 08:04:42
美元,605.44,600.58,607.86,607.86,610.7,2014.02.17 08:03:28
美元,605.51,600.65,607.93,607.93,610.7,2014.02.17 08:02:11
美元,605.57,600.71,607.99,607.99,610.7,2014.02.17 08:01:14
美元,605.57,600.71,607.99,607.99,610.7,2014.02.17 07:52:05
美元,605.29,600.44,607.71,607.71,610.7,2014.02.17 07:48:50
美元,605.29,600.44,607.71,607.71,610.7,2014.02.17 07:37:18
美元,605.29,600.44,607.71,607.71,610.7,2014.02.17 00:00:05
美元,605.29,600.44,607.71,607.71,610.7,2014.02.17 00:00:05
美元,605.29,600.44,607.71,607.71,610.7,2014.02.16 10:30:00
美元,605.29,600.44,607.71,607.71,610.7,2014.02.16 00:00:05
美元,605.29,600.44,607.71,607.71,610.7,2014.02.16 00:00:05
美元,605.29,600.44,607.71,607.71,610.7,2014.02.15 10:30:00
美元,605.29,600.44,607.71,607.71,610.7,2014.02.15 02:57:31
美元,605.29,600.44,607.71,607.71,610.7,2014.02.15 02:57:25
美元,605.29,600.44,607.71,607.71,610.7,2014.02.15 00:00:05
美元,605.29,600.44,607.71,607.71,610.7,2014.02.15 00:00:05
美元,605.29,600.44,607.71,607.71,610.7,2014.02.14 22:42:28
美元,605.29,600.44,607.71,607.71,610.7,2014.02.14 17:45:16
美元,605.29,600.44,607.71,607.71,610.7,2014.02.14 17:45:08
美元,609.28,604.4,611.72,611.72,610.7,2014.02.14 17:45:02
美元,605.29,600.44,607.71,607.71,610.7,2014.02.14 17:32:57
美元,605.34,600.48,607.76,607.76,610.7,2014.02.14 17:23:24
美元,605.34,600.48,607.76,607.76,610.7,2014.02.14 17:23:18
美元,605.34,600.48,607.76,607.76,610.7,2014.02.14 17:10:44
美元,605.34,600.48,607.76,607.76,610.7,2014.02.14 17:03:58
美元,605.34,600.48,607.76,607.76,610.7,2014.02.14 17:02:43
美元,605.34,600.48,607.76,607.76,610.7,2014.02.14 16:53:43
美元,605.34,600.48,607.76,607.76,610.7,2014.02.14 16:52:04
美元,605.34,600.48,607.76,607.76,610.7,2014.02.14 16:34:50
美元,605.34,600.48,607.76,607.76,610.7,2014.02.14 16:32:42
美元,605.34,600.48,607.76,607.76,610.7,2014.02.14 16:32:34
美元,605.44,600.58,607.86,607.86,610.7,2014.02.14 16:29:00
美元,605.34,600.48,607.76,607.76,610.7,2014.02.14 16:25:16
美元,605.27,600.42,607.69,607.69,610.7,2014.02.14 16:23:27
美元,605.19,600.34,607.61,607.61,610.7,2014.02.14 16:15:58
美元,605.23,600.38,607.65,607.65,610.7,2014.02.14 16:12:39
美元,605.26,600.41,607.68,607.68,610.7,2014.02.14 16:12:24
美元,605.26,600.41,607.68,607.68,610.7,2014.02.14 15:52:19
美元,605.29,600.44,607.71,607.71,610.7,2014.02.14 15:48:47
美元,605.34,600.48,607.76,607.76,610.7,2014.02.14 15:40:58
美元,605.29,600.44,607.71,607.71,610.7,2014.02.14 15:40:31
美元,605.19,600.34,607.61,607.61,610.7,2014.02.14 15:39:52
美元,605.15,600.3,607.57,607.57,610.7,2014.02.14 15:35:11
美元,605.15,600.3,607.57,607.57,610.7,2014.02.14 15:29:05
美元,605.15,600.3,607.57,607.57,610.7,2014.02.14 15:24:00
美元,605.13,600.28,607.55,607.55,610.7,2014.02.14 15:23:27
美元,605.09,600.24,607.51,607.51,610.7,2014.02.14 15:22:08
美元,605.04,600.19,607.46,607.46,610.7,2014.02.14 15:20:24
美元,605.04,600.19,607.46,607.46,610.7,2014.02.14 15:16:24
美元,605.04,600.19,607.46,607.46,610.7,2014.02.14 15:08:16
美元,605.06,600.21,607.48,607.48,610.7,2014.02.14 15:01:23
美元,605.08,600.23,607.5,607.5,610.7,2014.02.14 14:59:14
美元,605.1,600.25,607.52,607.52,610.7,2014.02.14 14:49:37
美元,605.08,600.23,607.5,607.5,610.7,2014.02.14 14:47:07
美元,604.99,600.14,607.41,607.41,610.7,2014.02.14 14:43:06
美元,605.02,600.17,607.44,607.44,610.7,2014.02.14 14:42:32
美元,604.95,600.1,607.37,607.37,610.7,2014.02.14 14:36:54
美元,604.97,600.12,607.39,607.39,610.7,2014.02.14 14:25:19
美元,604.99,600.14,607.41,607.41,610.7,2014.02.14 14:20:34
美元,604.97,600.12,607.39,607.39,610.7,2014.02.14 14:14:13
美元,604.99,600.14,607.41,607.41,610.7,2014.02.14 14:09:17
美元,604.99,600.14,607.41,607.41,610.7,2014.02.14 13:52:25
美元,605.01,600.16,607.43,607.43,610.7,2014.02.14 13:46:14
美元,605.03,600.18,607.45,607.45,610.7,2014.02.14 13:33:38
美元,605.03,600.18,607.45,607.45,610.7,2014.02.14 13:30:40
美元,605.03,600.18,607.45,607.45,610.7,2014.02.14 13:18:53
美元,605.03,600.18,607.45,607.45,610.7,2014.02.14 13:16:30
美元,605.03,600.18,607.45,607.45,610.7,2014.02.14 11:59:11
美元,605.06,600.21,607.48,607.48,610.7,2014.02.14 11:33:56
美元,605.04,600.19,607.46,607.46,610.7,2014.02.14 11:21:51
美元,605.02,600.17,607.44,607.44,610.7,2014.02.14 11:16:36
美元,605,600.15,607.42,607.42,610.7,2014.02.14 11:13:46
美元,605,600.15,607.42,607.42,610.7,2014.02.14 10:58:31
美元,605,600.15,607.42,607.42,610.7,2014.02.14 10:30:00
美元,605,600.15,607.42,607.42,610.7,2014.02.14 10:16:00
美元,604.97,600.12,607.39,607.39,610.7,2014.02.14 10:08:06
美元,604.94,600.09,607.36,607.36,610.7,2014.02.14 09:57:42
美元,604.94,600.09,607.36,607.36,610.7,2014.02.14 09:51:31
美元,604.99,600.14,607.41,607.41,610.7,2014.02.14 09:44:19
美元,604.99,600.14,607.41,607.41,610.7,2014.02.14 09:41:59
美元,604.99,600.14,607.41,607.41,610.7,2014.02.14 09:39:51
美元,605.01,600.16,607.43,607.43,610.7,2014.02.14 09:39:42
美元,604.99,600.14,607.41,607.41,610.7,2014.02.14 09:38:21
美元,604.97,600.12,607.39,607.39,610.7,2014.02.14 09:38:11
美元,604.99,600.14,607.41,607.41,610.7,2014.02.14 09:37:49
美元,604.94,600.09,607.36,607.36,610.7,2014.02.14 09:37:25
美元,604.94,600.09,607.36,607.36,610.7,2014.02.14 09:23:41
美元,604.94,600.09,607.36,607.36,610.7,2014.02.14 09:23:22
美元,604.94,600.09,607.36,607.36,610.7,2014.02.14 09:23:14
美元,604.94,600.09,607.36,607.36,611,2014.02.14 09:06:20
美元,604.94,600.09,607.36,607.36,611,2014.02.14 08:51:41
美元,604.94,600.09,607.36,607.36,611,2014.02.14 08:28:07
美元,605.09,600.24,607.51,607.51,611,2014.02.14 08:27:52
美元,605.19,600.34,607.61,607.61,611,2014.02.14 08:21:17
美元,605.19,600.34,607.61,607.61,611,2014.02.14 08:21:03
美元,605.25,600.4,607.67,607.67,611,2014.02.14 08:13:44
美元,605.24,600.39,607.66,607.66,611,2014.02.14 08:13:14
美元,605.19,600.34,607.61,607.61,611,2014.02.14 08:12:58
美元,605.14,600.29,607.56,607.56,611,2014.02.14 08:12:33
美元,605.09,600.24,607.51,607.51,611,2014.02.14 08:11:27
美元,605.04,600.19,607.46,607.46,611,2014.02.14 08:06:40
美元,604.99,600.14,607.41,607.41,611,2014.02.14 08:04:10
美元,604.94,600.09,607.36,607.36,611,2014.02.14 08:00:23
美元,604.94,600.09,607.36,607.36,611,2014.02.14 07:53:49
美元,605.19,600.34,607.61,607.61,611,2014.02.14 07:35:33
美元,605.19,600.34,607.61,607.61,611,2014.02.14 00:00:05
美元,605.19,600.34,607.61,607.61,611,2014.02.14 00:00:05
美元,605.19,600.34,607.61,607.61,611,2014.02.13 18:26:21
美元,605.19,600.34,607.61,607.61,611,2014.02.13 18:26:11
美元,609.18,604.3,611.62,611.62,611,2014.02.13 18:26:05
美元,605.19,600.34,607.61,607.61,611,2014.02.13 17:52:41
美元,605.19,600.34,607.61,607.61,611,2014.02.13 17:33:38
美元,605.19,600.34,607.61,607.61,611,2014.02.13 17:31:43
美元,605.19,600.34,607.61,607.61,611,2014.02.13 17:23:07
美元,605.19,600.34,607.61,607.61,611,2014.02.13 17:23:03
美元,605.19,600.34,607.61,607.61,611,2014.02.13 17:08:54
美元,605.19,600.34,607.61,607.61,611,2014.02.13 16:33:12
美元,605.14,600.29,607.56,607.56,611,2014.02.13 16:30:15
美元,605.19,600.34,607.61,607.61,611,2014.02.13 16:23:33
美元,605.24,600.39,607.66,607.66,611,2014.02.13 16:22:09
美元,605.26,600.41,607.68,607.68,611,2014.02.13 16:18:16
美元,605.26,600.41,607.68,607.68,611,2014.02.13 16:16:29
美元,605.29,600.44,607.71,607.71,611,2014.02.13 16:16:25
美元,605.29,600.44,607.71,607.71,611,2014.02.13 15:57:04
美元,605.29,600.44,607.71,607.71,611,2014.02.13 15:34:37
美元,605.31,600.45,607.73,607.73,611,2014.02.13 15:08:08
美元,605.34,600.48,607.76,607.76,611,2014.02.13 14:56:28
美元,605.29,600.44,607.71,607.71,611,2014.02.13 14:53:58
美元,605.26,600.41,607.68,607.68,611,2014.02.13 14:53:04
美元,605.22,600.37,607.64,607.64,611,2014.02.13 14:25:08
美元,605.23,600.38,607.65,607.65,611,2014.02.13 14:18:31
美元,605.25,600.4,607.67,607.67,611,2014.02.13 14:15:43
美元,605.25,600.4,607.67,607.67,611,2014.02.13 14:04:17
美元,605.25,600.4,607.67,607.67,611,2014.02.13 13:37:33
美元,605.25,600.4,607.67,607.67,611,2014.02.13 11:49:48
美元,605.27,600.42,607.69,607.69,611,2014.02.13 11:44:28
美元,605.27,600.42,607.69,607.69,611,2014.02.13 11:37:03
美元,605.3,600.44,607.72,607.72,611,2014.02.13 11:23:21
美元,605.28,600.43,607.7,607.7,611,2014.02.13 11:11:53
美元,605.3,600.44,607.72,607.72,611,2014.02.13 10:43:18
美元,605.32,600.46,607.74,607.74,611,2014.02.13 10:42:50
美元,605.32,600.46,607.74,607.74,611,2014.02.13 10:30:00
美元,605.32,600.46,607.74,607.74,611,2014.02.13 10:29:12
美元,605.34,600.48,607.76,607.76,611,2014.02.13 10:06:37
美元,605.36,600.5,607.78,607.78,611,2014.02.13 10:05:49
美元,605.36,600.5,607.78,607.78,611,2014.02.13 09:58:51
美元,605.39,600.53,607.81,607.81,611,2014.02.13 09:54:59
美元,605.39,600.53,607.81,607.81,611,2014.02.13 09:51:25
美元,605.36,600.5,607.78,607.78,611,2014.02.13 09:49:07
美元,605.39,600.53,607.81,607.81,611,2014.02.13 09:46:05
美元,605.34,600.48,607.76,607.76,611,2014.02.13 09:40:12
美元,605.29,600.44,607.71,607.71,611,2014.02.13 09:38:45
美元,605.34,600.48,607.76,607.76,611,2014.02.13 09:35:34
美元,605.29,600.44,607.71,607.71,611,2014.02.13 09:34:51
美元,605.24,600.39,607.66,607.66,611,2014.02.13 09:34:31
美元,605.24,600.39,607.66,607.66,611,2014.02.13 09:33:26
美元,605.19,600.34,607.61,607.61,611,2014.02.13 09:32:06
美元,605.14,600.29,607.56,607.56,611,2014.02.13 09:31:25
美元,605.09,600.24,607.51,607.51,611,2014.02.13 09:31:11
美元,605.04,600.19,607.46,607.46,611,2014.02.13 09:30:39
美元,604.99,600.14,607.41,607.41,611,2014.02.13 09:26:03
美元,604.99,600.14,607.41,607.41,611,2014.02.13 09:25:29
美元,604.99,600.14,607.41,607.41,611,2014.02.13 09:25:24
美元,604.99,600.14,607.41,607.41,611,2014.02.13 09:19:42
美元,604.99,600.14,607.41,607.41,610.78,2014.02.13 08:55:53
美元,604.99,600.14,607.41,607.41,610.78,2014.02.13 08:31:10
美元,604.99,600.14,607.41,607.41,610.78,2014.02.13 08:13:04
美元,605.07,600.22,607.49,607.49,610.78,2014.02.13 08:12:51
美元,605.14,600.29,607.56,607.56,610.78,2014.02.13 08:11:59
美元,605.09,600.24,607.51,607.51,610.78,2014.02.13 08:11:33
美元,605.04,600.19,607.46,607.46,610.78,2014.02.13 08:11:01
美元,604.99,600.14,607.41,607.41,610.78,2014.02.13 08:09:51
美元,604.94,600.09,607.36,607.36,610.78,2014.02.13 08:07:39
美元,604.89,600.04,607.31,607.31,610.78,2014.02.13 08:05:52
美元,604.84,599.99,607.26,607.26,610.78,2014.02.13 08:05:13
美元,604.83,599.98,607.25,607.25,610.78,2014.02.13 08:01:45
美元,604.83,599.98,607.25,607.25,610.78,2014.02.13 07:55:54
美元,604.99,600.14,607.41,607.41,610.78,2014.02.13 07:36:52
美元,604.99,600.14,607.41,607.41,610.78,2014.02.13 00:00:05
美元,604.99,600.14,607.41,607.41,610.78,2014.02.13 00:00:05
美元,604.99,600.14,607.41,607.41,610.78,2014.02.12 19:01:15
美元,604.99,600.14,607.41,607.41,610.78,2014.02.12 18:36:32
美元,604.99,600.14,607.41,607.41,610.78,2014.02.12 17:45:42
美元,604.99,600.14,607.41,607.41,610.78,2014.02.12 17:45:32
美元,608.98,604.1,611.42,611.42,610.78,2014.02.12 17:45:26
美元,604.99,600.14,607.41,607.41,610.78,2014.02.12 17:43:25
美元,604.99,600.14,607.41,607.41,610.78,2014.02.12 17:15:57
美元,604.99,600.14,607.41,607.41,610.78,2014.02.12 16:52:21
美元,604.99,600.14,607.41,607.41,610.78,2014.02.12 16:28:24
美元,605.04,600.19,607.46,607.46,610.78,2014.02.12 16:26:48
美元,605.09,600.24,607.51,607.51,610.78,2014.02.12 16:20:34
美元,604.99,600.14,607.41,607.41,610.78,2014.02.12 16:19:23
美元,604.99,600.14,607.41,607.41,610.78,2014.02.12 16:19:12
美元,604.99,600.14,607.41,607.41,610.78,2014.02.12 16:15:05
美元,605.04,600.19,607.46,607.46,610.78,2014.02.12 16:09:00
美元,604.97,600.12,607.39,607.39,610.78,2014.02.12 16:02:26
美元,604.97,600.12,607.39,607.39,610.78,2014.02.12 16:01:43
美元,604.97,600.12,607.39,607.39,610.78,2014.02.12 16:00:38
美元,604.97,600.12,607.39,607.39,610.78,2014.02.12 15:47:12
美元,604.95,600.1,607.37,607.37,610.78,2014.02.12 15:39:17
美元,604.95,600.1,607.37,607.37,610.78,2014.02.12 15:36:58
美元,604.97,600.12,607.39,607.39,610.78,2014.02.12 15:35:09
美元,604.97,600.12,607.39,607.39,610.78,2014.02.12 15:32:40
美元,604.95,600.1,607.37,607.37,610.78,2014.02.12 15:02:05
美元,604.95,600.1,607.37,607.37,610.78,2014.02.12 14:49:07
美元,604.95,600.1,607.37,607.37,610.78,2014.02.12 14:29:36
美元,604.97,600.12,607.39,607.39,610.78,2014.02.12 14:05:57
美元,604.94,600.09,607.36,607.36,610.78,2014.02.12 13:57:55
美元,604.94,600.09,607.36,607.36,610.78,2014.02.12 13:33:00
美元,604.94,600.09,607.36,607.36,610.78,2014.02.12 12:25:07
美元,604.94,600.09,607.36,607.36,610.78,2014.02.12 11:42:40
美元,604.97,600.12,607.39,607.39,610.78,2014.02.12 11:23:33
美元,604.97,600.12,607.39,607.39,610.78,2014.02.12 11:20:21
美元,604.99,600.14,607.41,607.41,610.78,2014.02.12 11:16:22
美元,604.96,600.11,607.38,607.38,610.78,2014.02.12 11:13:58
美元,604.96,600.11,607.38,607.38,610.78,2014.02.12 11:12:52
美元,604.92,600.07,607.34,607.34,610.78,2014.02.12 11:07:42
美元,604.92,600.07,607.34,607.34,610.78,2014.02.12 10:57:46
美元,604.94,600.09,607.36,607.36,610.78,2014.02.12 10:55:12
美元,604.87,600.02,607.29,607.29,610.78,2014.02.12 10:52:12
美元,604.89,600.04,607.31,607.31,610.78,2014.02.12 10:44:50
美元,604.91,600.06,607.33,607.33,610.78,2014.02.12 10:41:15
美元,604.93,600.08,607.35,607.35,610.78,2014.02.12 10:35:01
美元,604.95,600.1,607.37,607.37,610.78,2014.02.12 10:30:00
美元,604.95,600.1,607.37,607.37,610.78,2014.02.12 10:18:49
美元,604.95,600.1,607.37,607.37,610.78,2014.02.12 10:12:00
美元,604.92,600.07,607.34,607.34,610.78,2014.02.12 10:11:20
美元,604.92,600.07,607.34,607.34,610.78,2014.02.12 10:10:29
美元,604.94,600.09,607.36,607.36,610.78,2014.02.12 10:05:15
美元,604.97,600.12,607.39,607.39,610.78,2014.02.12 10:04:36
美元,604.97,600.12,607.39,607.39,610.78,2014.02.12 09:49:30
美元,604.99,600.14,607.41,607.41,610.78,2014.02.12 09:36:18
美元,604.94,600.09,607.36,607.36,610.78,2014.02.12 09:35:06
美元,604.89,600.04,607.31,607.31,610.78,2014.02.12 09:34:22
美元,604.81,599.96,607.23,607.23,610.78,2014.02.12 09:33:45
美元,604.78,599.93,607.2,607.2,610.78,2014.02.12 09:32:07
美元,604.69,599.84,607.11,607.11,610.78,2014.02.12 09:23:12
美元,604.69,599.84,607.11,607.11,610.78,2014.02.12 09:23:06
美元,604.69,599.84,607.11,607.11,610.69,2014.02.12 08:55:46
美元,604.69,599.84,607.11,607.11,610.69,2014.02.12 08:44:31
美元,604.69,599.84,607.11,607.11,610.69,2014.02.12 08:13:04
美元,604.79,599.94,607.21,607.21,610.69,2014.02.12 08:12:38
美元,604.94,600.09,607.36,607.36,610.69,2014.02.12 08:12:07
美元,604.89,600.04,607.31,607.31,610.69,2014.02.12 08:11:53
美元,604.84,599.99,607.26,607.26,610.69,2014.02.12 08:10:22
美元,604.79,599.94,607.21,607.21,610.69,2014.02.12 08:09:41
美元,604.74,599.89,607.16,607.16,610.69,2014.02.12 08:08:18
美元,604.69,599.84,607.11,607.11,610.69,2014.02.12 08:04:00
美元,604.64,599.79,607.06,607.06,610.69,2014.02.12 08:00:44
美元,604.64,599.79,607.06,607.06,610.69,2014.02.12 07:55:04
美元,604.69,599.84,607.11,607.11,610.69,2014.02.12 07:45:50
美元,604.69,599.84,607.11,607.11,610.69,2014.02.12 00:00:05
美元,604.69,599.84,607.11,607.11,610.69,2014.02.12 00:00:05
美元,604.69,599.84,607.11,607.11,610.69,2014.02.11 20:14:23
美元,604.69,599.84,607.11,607.11,610.69,2014.02.11 20:05:25
美元,604.69,599.84,607.11,607.11,610.69,2014.02.11 17:54:10
美元,608.68,603.8,611.12,611.12,610.69,2014.02.11 17:54:04
美元,604.69,599.84,607.11,607.11,610.69,2014.02.11 17:24:54
美元,604.74,599.89,607.16,607.16,610.69,2014.02.11 16:37:57
美元,604.79,599.94,607.21,607.21,610.69,2014.02.11 16:29:41
美元,604.84,599.99,607.26,607.26,610.69,2014.02.11 16:27:09
美元,604.79,599.94,607.21,607.21,610.69,2014.02.11 16:23:18
美元,604.74,599.89,607.16,607.16,610.69,2014.02.11 16:15:39
美元,604.77,599.92,607.19,607.19,610.69,2014.02.11 16:08:24
美元,604.79,599.94,607.21,607.21,610.69,2014.02.11 15:58:14
美元,604.84,599.99,607.26,607.26,610.69,2014.02.11 15:43:57
美元,604.84,599.99,607.26,607.26,610.69,2014.02.11 15:39:48
美元,604.84,599.99,607.26,607.26,610.69,2014.02.11 15:36:26
美元,604.84,599.99,607.26,607.26,610.69,2014.02.11 15:32:59
美元,604.84,599.99,607.26,607.26,610.69,2014.02.11 15:29:37
美元,604.84,599.99,607.26,607.26,610.69,2014.02.11 15:21:02
美元,604.86,600.01,607.28,607.28,610.69,2014.02.11 15:13:24
美元,604.86,600.01,607.28,607.28,610.69,2014.02.11 15:08:28
美元,604.86,600.01,607.28,607.28,610.69,2014.02.11 15:02:30
美元,604.88,600.03,607.3,607.3,610.69,2014.02.11 14:46:31
美元,604.9,600.05,607.32,607.32,610.69,2014.02.11 14:26:40
美元,604.93,600.08,607.35,607.35,610.69,2014.02.11 14:18:34
美元,604.89,600.04,607.31,607.31,610.69,2014.02.11 14:16:19
美元,604.79,599.94,607.21,607.21,610.69,2014.02.11 14:11:29
美元,604.74,599.89,607.16,607.16,610.69,2014.02.11 13:28:23
美元,604.74,599.89,607.16,607.16,610.69,2014.02.11 12:29:15
美元,604.74,599.89,607.16,607.16,610.69,2014.02.11 11:47:31
美元,604.79,599.94,607.21,607.21,610.69,2014.02.11 11:22:37
美元,604.74,599.89,607.16,607.16,610.69,2014.02.11 11:20:16
美元,604.69,599.84,607.11,607.11,610.69,2014.02.11 11:09:41
美元,604.74,599.89,607.16,607.16,610.69,2014.02.11 11:07:15
美元,604.69,599.84,607.11,607.11,610.69,2014.02.11 11:02:13
美元,604.67,599.82,607.09,607.09,610.69,2014.02.11 11:01:20
美元,604.64,599.79,607.06,607.06,610.69,2014.02.11 10:58:44
美元,604.6,599.75,607.02,607.02,610.69,2014.02.11 10:57:56
美元,604.57,599.72,606.99,606.99,610.69,2014.02.11 10:38:37
美元,604.57,599.72,606.99,606.99,610.69,2014.02.11 10:30:00
美元,604.57,599.72,606.99,606.99,610.69,2014.02.11 10:10:23
美元,604.59,599.74,607.01,607.01,610.69,2014.02.11 09:47:00
美元,604.54,599.69,606.96,606.96,610.69,2014.02.11 09:44:14
美元,604.59,599.74,607.01,607.01,610.69,2014.02.11 09:38:33
美元,604.64,599.79,607.06,607.06,610.69,2014.02.11 09:22:27
美元,604.64,599.79,607.06,607.06,610.69,2014.02.11 09:22:21
美元,604.64,599.79,607.06,607.06,610.83,2014.02.11 09:07:05
美元,604.69,599.84,607.11,607.11,610.83,2014.02.11 09:05:24
美元,604.69,599.84,607.11,607.11,610.83,2014.02.11 08:59:41
美元,604.74,599.89,607.16,607.16,610.83,2014.02.11 08:56:53
美元,604.74,599.89,607.16,607.16,610.83,2014.02.11 08:43:55
美元,604.74,599.89,607.16,607.16,610.83,2014.02.11 08:32:45
美元,604.74,599.89,607.16,607.16,610.83,2014.02.11 08:24:25
美元,604.77,599.92,607.19,607.19,610.83,2014.02.11 08:21:53
美元,604.84,599.99,607.26,607.26,610.83,2014.02.11 08:21:02
美元,604.79,599.94,607.21,607.21,610.83,2014.02.11 08:19:40
美元,604.74,599.89,607.16,607.16,610.83,2014.02.11 08:15:28
美元,604.69,599.84,607.11,607.11,610.83,2014.02.11 08:12:26
美元,604.64,599.79,607.06,607.06,610.83,2014.02.11 08:11:37
美元,604.59,599.74,607.01,607.01,610.83,2014.02.11 08:09:46
美元,604.54,599.69,606.96,606.96,610.83,2014.02.11 08:01:42
美元,604.49,599.64,606.91,606.91,610.83,2014.02.11 07:55:24
美元,604.74,599.89,607.16,607.16,610.83,2014.02.11 07:42:56
美元,604.74,599.89,607.16,607.16,610.83,2014.02.11 00:00:05
美元,604.74,599.89,607.16,607.16,610.83,2014.02.11 00:00:05
美元,604.74,599.89,607.16,607.16,610.83,2014.02.10 20:14:29
美元,604.74,599.89,607.16,607.16,610.83,2014.02.10 18:02:57
美元,609.73,604.84,612.17,612.17,610.83,2014.02.10 18:02:50
美元,604.74,599.89,607.16,607.16,610.83,2014.02.10 17:33:28
美元,604.74,599.89,607.16,607.16,610.83,2014.02.10 16:29:19
美元,604.75,599.9,607.17,607.17,610.83,2014.02.10 16:28:32
美元,604.77,599.92,607.19,607.19,610.83,2014.02.10 16:16:24
美元,604.79,599.94,607.21,607.21,610.83,2014.02.10 16:03:04
美元,604.76,599.91,607.18,607.18,610.83,2014.02.10 15:57:25
美元,604.79,599.94,607.21,607.21,610.83,2014.02.10 15:53:34
美元,604.81,599.96,607.23,607.23,610.83,2014.02.10 15:47:48
美元,604.83,599.98,607.25,607.25,610.83,2014.02.10 15:42:33
美元,604.83,599.98,607.25,607.25,610.83,2014.02.10 15:11:07
美元,604.83,599.98,607.25,607.25,610.83,2014.02.10 14:59:20
美元,604.83,599.98,607.25,607.25,610.83,2014.02.10 14:29:20
美元,604.83,599.98,607.25,607.25,610.83,2014.02.10 13:43:41
美元,604.83,599.98,607.25,607.25,610.83,2014.02.10 12:36:42
美元,604.85,600,607.27,607.27,610.83,2014.02.10 11:36:45
美元,604.83,599.98,607.25,607.25,610.83,2014.02.10 11:33:35
美元,604.81,599.96,607.23,607.23,610.83,2014.02.10 11:22:15
美元,604.77,599.92,607.19,607.19,610.83,2014.02.10 10:53:09
美元,604.79,599.94,607.21,607.21,610.83,2014.02.10 10:35:16
美元,604.79,599.94,607.21,607.21,610.83,2014.02.10 10:30:00
美元,604.79,599.94,607.21,607.21,610.83,2014.02.10 10:07:56
美元,604.84,599.99,607.26,607.26,610.83,2014.02.10 09:44:48
美元,604.79,599.94,607.21,607.21,610.83,2014.02.10 09:40:36
美元,604.69,599.84,607.11,607.11,610.83,2014.02.10 09:35:35
美元,604.74,599.89,607.16,607.16,610.83,2014.02.10 09:35:10
美元,604.79,599.94,607.21,607.21,610.83,2014.02.10 09:34:11
美元,604.84,599.99,607.26,607.26,610.83,2014.02.10 09:32:34
美元,604.89,600.04,607.31,607.31,610.83,2014.02.10 09:31:32
美元,604.74,599.89,607.16,607.16,610.83,2014.02.10 09:31:01
美元,604.29,599.45,606.71,606.71,610.83,2014.02.10 09:22:25
美元,604.29,599.45,606.71,606.71,610.83,2014.02.10 09:22:20
美元,604.29,599.45,606.71,606.71,610.89,2014.02.10 08:27:25
美元,604.44,599.59,606.86,606.86,610.89,2014.02.10 08:26:03
美元,604.59,599.74,607.01,607.01,610.89,2014.02.10 08:24:47
美元,604.8,599.95,607.22,607.22,610.89,2014.02.10 08:21:33
美元,604.99,600.14,607.41,607.41,610.89,2014.02.10 08:20:12
美元,605.13,600.28,607.55,607.55,610.89,2014.02.10 08:19:10
美元,604.94,600.09,607.36,607.36,610.89,2014.02.10 08:17:49
美元,604.79,599.94,607.21,607.21,610.89,2014.02.10 08:11:35
美元,604.69,599.84,607.11,607.11,610.89,2014.02.10 08:08:35
美元,604.59,599.74,607.01,607.01,610.89,2014.02.10 08:06:23
美元,604.49,599.64,606.91,606.91,610.89,2014.02.10 08:04:19
美元,604.39,599.54,606.81,606.81,610.89,2014.02.10 08:01:32
美元,604.29,599.45,606.71,606.71,610.89,2014.02.10 07:59:10
美元,603.68,599.45,607.32,607.32,610.89,2014.02.10 00:00:05
美元,603.68,599.45,607.32,607.32,610.89,2014.02.10 00:00:05
美元,603.68,599.45,607.32,607.32,610.89,2014.02.09 10:30:00
美元,603.68,599.45,607.32,607.32,610.89,2014.02.09 00:00:05
美元,603.68,599.45,607.32,607.32,610.89,2014.02.09 00:00:05
美元,603.68,599.45,607.32,607.32,610.89,2014.02.08 16:26:41
美元,603.88,599.64,607.52,607.52,610.89,2014.02.08 14:39:46
美元,604.08,599.84,607.72,607.72,610.89,2014.02.08 12:08:02
美元,604.08,599.84,607.72,607.72,610.89,2014.02.08 11:57:08
美元,604.08,599.84,607.72,607.72,610.89,2014.02.08 10:58:48
美元,604.08,599.84,607.72,607.72,610.89,2014.02.08 10:45:54
美元,604.69,599.84,607.11,607.11,610.89,2014.02.08 10:30:00
美元,604.69,599.84,607.11,607.11,610.89,2014.02.08 09:40:17
美元,604.79,599.94,607.21,607.21,610.89,2014.02.08 08:38:45
美元,605.09,600.24,607.51,607.51,610.89,2014.02.08 08:26:23
美元,605.09,600.24,607.51,607.51,610.89,2014.02.08 00:00:05
美元,605.09,600.24,607.51,607.51,610.89,2014.02.08 00:00:05
美元,605.09,600.24,607.51,607.51,610.89,2014.02.07 22:39:42
美元,605.09,600.24,607.51,607.51,610.89,2014.02.07 18:36:04
美元,605.09,600.24,607.51,607.51,610.89,2014.02.07 17:51:31
美元,609.08,604.2,611.52,611.52,610.89,2014.02.07 17:51:20
美元,609.08,604.2,611.52,611.52,610.89,2014.02.07 17:51:18
美元,605.09,600.24,607.51,607.51,610.89,2014.02.07 17:49:47
美元,605.09,600.24,607.51,607.51,610.89,2014.02.07 17:35:17
美元,605.14,600.29,607.56,607.56,610.89,2014.02.07 16:31:16
美元,605.09,600.24,607.51,607.51,610.89,2014.02.07 16:25:40
美元,605.04,600.19,607.46,607.46,610.89,2014.02.07 16:22:35
美元,605.09,600.24,607.51,607.51,610.89,2014.02.07 15:35:46
美元,605.02,600.17,607.44,607.44,610.89,2014.02.07 15:32:09
美元,604.99,600.14,607.41,607.41,610.89,2014.02.07 15:12:17
美元,605.02,600.17,607.44,607.44,610.89,2014.02.07 15:11:19
美元,605.02,600.17,607.44,607.44,610.89,2014.02.07 14:42:57
美元,604.99,600.14,607.41,607.41,610.89,2014.02.07 14:23:36
美元,605.03,600.18,607.45,607.45,610.89,2014.02.07 14:16:36
美元,605.06,600.21,607.48,607.48,610.89,2014.02.07 13:58:06
美元,605.09,600.24,607.51,607.51,610.89,2014.02.07 13:45:34
美元,605.04,600.19,607.46,607.46,610.89,2014.02.07 11:47:19
美元,605.09,600.24,607.51,607.51,610.89,2014.02.07 11:15:10
美元,605.14,600.29,607.56,607.56,610.89,2014.02.07 11:13:47
美元,605.04,600.19,607.46,607.46,610.89,2014.02.07 11:11:59
美元,605.09,600.24,607.51,607.51,610.89,2014.02.07 11:09:19
美元,605.04,600.19,607.46,607.46,610.89,2014.02.07 11:07:30
美元,604.94,600.09,607.36,607.36,610.89,2014.02.07 11:01:22
美元,604.89,600.04,607.31,607.31,610.89,2014.02.07 10:57:11
美元,604.94,600.09,607.36,607.36,610.89,2014.02.07 10:41:22
美元,604.99,600.14,607.41,607.41,610.89,2014.02.07 10:36:54
美元,604.99,600.14,607.41,607.41,610.89,2014.02.07 10:30:00
美元,604.99,600.14,607.41,607.41,610.89,2014.02.07 09:58:05
美元,605.04,600.19,607.46,607.46,610.89,2014.02.07 09:50:15
美元,605.09,600.24,607.51,607.51,610.89,2014.02.07 09:35:48
美元,604.99,600.14,607.41,607.41,610.89,2014.02.07 09:34:39
美元,604.94,600.09,607.36,607.36,610.89,2014.02.07 09:28:43
美元,604.89,600.04,607.31,607.31,610.89,2014.02.07 09:24:09
美元,604.89,600.04,607.31,607.31,610.89,2014.02.07 09:24:04
美元,604.89,600.04,607.31,607.31,610.5,2014.02.07 09:07:34
美元,604.89,600.04,607.31,607.31,610.5,2014.02.07 09:07:32
美元,604.89,600.04,607.31,607.31,610.5,2014.02.07 08:59:01
美元,604.89,600.04,607.31,607.31,610.5,2014.02.07 08:32:01
美元,604.89,600.04,607.31,607.31,610.5,2014.02.07 08:20:30
美元,604.89,600.04,607.31,607.31,610.5,2014.02.07 08:11:01
美元,604.89,600.04,607.31,607.31,610.5,2014.02.07 08:10:57
美元,604.89,600.04,607.31,607.31,610.5,2014.02.07 08:03:05
美元,604.99,600.14,607.41,607.41,610.5,2014.02.07 07:57:28
美元,604.99,600.14,607.41,607.41,610.5,2014.02.07 07:46:19
美元,604.99,600.14,607.41,607.41,610.5,2014.02.07 00:00:05
美元,604.99,600.14,607.41,607.41,610.5,2014.02.07 00:00:05
美元,604.99,600.14,607.41,607.41,610.5,2014.02.06 15:31:28
美元,604.99,600.14,607.41,607.41,610.5,2014.02.06 15:11:45
美元,604.99,600.14,607.41,607.41,610.5,2014.02.06 10:30:00
美元,604.99,600.14,607.41,607.41,610.5,2014.02.06 09:22:19
美元,605.09,600.24,607.51,607.51,610.5,2014.02.06 09:21:39
美元,605.19,600.34,607.61,607.61,610.5,2014.02.06 09:20:35
美元,605.09,600.24,607.51,607.51,610.5,2014.02.06 09:19:48
美元,604.99,600.14,607.41,607.41,610.5,2014.02.06 09:12:58
美元,604.99,600.14,607.41,607.41,610.5,2014.02.06 00:00:05
美元,604.99,600.14,607.41,607.41,610.5,2014.02.06 00:00:05
美元,604.99,600.14,607.41,607.41,610.5,2014.02.05 15:41:14
美元,604.99,600.14,607.41,607.41,610.5,2014.02.05 15:18:24
美元,604.99,600.14,607.41,607.41,610.5,2014.02.05 15:02:19
美元,604.99,600.14,607.41,607.41,610.5,2014.02.05 10:58:15
美元,604.99,600.14,607.41,607.41,610.5,2014.02.05 10:30:00
美元,604.99,600.14,607.41,607.41,610.5,2014.02.05 10:20:33
美元,605.04,600.19,607.46,607.46,610.5,2014.02.05 09:59:41
美元,605.09,600.24,607.51,607.51,610.5,2014.02.05 09:42:43
美元,605.19,600.34,607.61,607.61,610.5,2014.02.05 09:37:21
美元,605.14,600.29,607.56,607.56,610.5,2014.02.05 09:33:30
美元,605.04,600.19,607.46,607.46,610.5,2014.02.05 09:30:57
美元,604.99,600.14,607.41,607.41,610.5,2014.02.05 09:26:57
美元,604.99,600.14,607.41,607.41,610.5,2014.02.05 09:04:57
美元,604.99,600.14,607.41,607.41,610.5,2014.02.05 00:00:05
美元,604.99,600.14,607.41,607.41,610.5,2014.02.05 00:00:05
美元,604.99,600.14,607.41,607.41,610.5,2014.02.04 15:30:58
美元,604.99,600.14,607.41,607.41,610.5,2014.02.04 15:20:12
美元,604.99,600.14,607.41,607.41,610.5,2014.02.04 13:33:36
美元,604.99,600.14,607.41,607.41,610.5,2014.02.04 11:14:19
美元,604.99,600.14,607.41,607.41,610.5,2014.02.04 10:30:00
美元,604.99,600.14,607.41,607.41,610.5,2014.02.04 10:25:58
美元,604.99,600.14,607.41,607.41,610.5,2014.02.04 10:00:05
美元,604.99,600.14,607.41,607.41,610.5,2014.02.04 09:49:05
美元,605.09,600.24,607.51,607.51,610.5,2014.02.04 09:47:44
美元,605.19,600.34,607.61,607.61,610.5,2014.02.04 09:46:19
美元,605.29,600.44,607.71,607.71,610.5,2014.02.04 09:45:17
美元,605.29,600.44,607.71,607.71,610.5,2014.02.04 09:41:07
美元,605.29,600.44,607.71,607.71,610.5,2014.02.04 09:39:06
美元,605.24,600.39,607.66,607.66,610.5,2014.02.04 09:37:27
美元,605.19,600.34,607.61,607.61,610.5,2014.02.04 09:36:21
美元,605.14,600.29,607.56,607.56,610.5,2014.02.04 09:33:05
美元,605.14,600.29,607.56,607.56,610.5,2014.02.04 09:29:02
美元,605.09,600.24,607.51,607.51,610.5,2014.02.04 09:25:33
美元,605.09,600.24,607.51,607.51,610.5,2014.02.04 09:22:21
美元,605.04,600.19,607.46,607.46,610.5,2014.02.04 09:18:21
美元,605.04,600.19,607.46,607.46,610.5,2014.02.04 09:15:39
美元,604.99,600.14,607.41,607.41,610.5,2014.02.04 09:10:52
美元,604.99,600.14,607.41,607.41,610.5,2014.02.04 09:01:51
美元,604.99,600.14,607.41,607.41,610.5,2014.02.04 08:24:09
美元,604.99,600.14,607.41,607.41,610.5,2014.02.04 00:00:05
美元,604.99,600.14,607.41,607.41,610.5,2014.02.04 00:00:05
美元,604.99,600.14,607.41,607.41,610.5,2014.02.03 16:45:39
美元,604.99,600.14,607.41,607.41,610.5,2014.02.03 16:10:18
美元,604.99,600.14,607.41,607.41,610.5,2014.02.03 15:59:07
美元,604.99,600.14,607.41,607.41,610.5,2014.02.03 15:46:50
美元,604.99,600.14,607.41,607.41,610.5,2014.02.03 15:33:35
美元,605.09,600.24,607.51,607.51,610.5,2014.02.03 15:29:53
美元,605.19,600.34,607.61,607.61,610.5,2014.02.03 15:28:10
美元,605.19,600.34,607.61,607.61,610.5,2014.02.03 15:25:59
美元,605.29,600.44,607.71,607.71,610.5,2014.02.03 15:25:15
美元,605.29,600.44,607.71,607.71,610.5,2014.02.03 15:23:41
美元,605.19,600.34,607.61,607.61,610.5,2014.02.03 15:21:02
美元,605.19,600.34,607.61,607.61,610.5,2014.02.03 15:17:54
美元,605.09,600.24,607.51,607.51,610.5,2014.02.03 15:12:52
美元,605.09,600.24,607.51,607.51,610.5,2014.02.03 15:09:39
美元,604.99,600.14,607.41,607.41,610.5,2014.02.03 15:04:59
美元,604.99,600.14,607.41,607.41,610.5,2014.02.03 15:03:38
美元,604.89,600.04,607.31,607.31,610.5,2014.02.03 14:19:46
美元,604.89,600.04,607.31,607.31,610.5,2014.02.03 14:06:17
美元,604.89,600.04,607.31,607.31,610.5,2014.02.03 11:39:51
美元,604.89,600.04,607.31,607.31,610.5,2014.02.03 10:30:00
美元,604.89,600.04,607.31,607.31,610.5,2014.02.03 10:08:01
美元,604.89,600.04,607.31,607.31,610.5,2014.02.03 09:49:36
美元,604.99,600.14,607.41,607.41,610.5,2014.02.03 09:48:39
美元,605.09,600.24,607.51,607.51,610.5,2014.02.03 09:47:16
美元,605.19,600.34,607.61,607.61,610.5,2014.02.03 09:46:25
美元,605.29,600.44,607.71,607.71,610.5,2014.02.03 09:45:50
美元,605.29,600.44,607.71,607.71,610.5,2014.02.03 09:44:37
美元,605.29,600.44,607.71,607.71,610.5,2014.02.03 09:43:16
美元,605.29,600.44,607.71,607.71,610.5,2014.02.03 09:41:55
美元,605.29,600.44,607.71,607.71,610.5,2014.02.03 09:40:48
美元,605.24,600.39,607.66,607.66,610.5,2014.02.03 09:40:04
美元,605.24,600.39,607.66,607.66,610.5,2014.02.03 09:38:41
美元,605.19,600.34,607.61,607.61,610.5,2014.02.03 09:34:19
美元,605.14,600.29,607.56,607.56,610.5,2014.02.03 09:32:38
美元,605.14,600.29,607.56,607.56,610.5,2014.02.03 09:31:02
美元,605.14,600.29,607.56,607.56,610.5,2014.02.03 09:29:48
美元,605.09,600.24,607.51,607.51,610.5,2014.02.03 09:27:32
美元,605.09,600.24,607.51,607.51,610.5,2014.02.03 09:24:18
美元,605.04,600.19,607.46,607.46,610.5,2014.02.03 09:22:09
美元,605.04,600.19,607.46,607.46,610.5,2014.02.03 09:20:43
美元,604.99,600.14,607.41,607.41,610.5,2014.02.03 09:19:15
美元,604.99,600.14,607.41,607.41,610.5,2014.02.03 09:17:12
美元,604.94,600.09,607.36,607.36,610.5,2014.02.03 09:14:37
美元,604.89,600.04,607.31,607.31,610.5,2014.02.03 09:13:59
美元,604.89,600.04,607.31,607.31,610.5,2014.02.03 09:10:30
美元,604.89,600.04,607.31,607.31,610.5,2014.02.03 09:07:33
美元,604.89,600.04,607.31,607.31,610.5,2014.02.03 09:05:00
美元,604.89,600.04,607.31,607.31,610.5,2014.02.03 08:45:01
美元,604.89,600.04,607.31,607.31,610.5,2014.02.03 00:00:05
美元,604.89,600.04,607.31,607.31,610.5,2014.02.03 00:00:05
美元,604.89,600.04,607.31,607.31,610.5,2014.02.02 10:30:00
美元,604.89,600.04,607.31,607.31,610.5,2014.02.02 00:00:05
美元,604.89,600.04,607.31,607.31,610.5,2014.02.02 00:00:05
美元,604.89,600.04,607.31,607.31,610.5,2014.02.01 10:30:00
美元,604.89,600.04,607.31,607.31,610.5,2014.02.01 10:00:30
美元,604.89,600.04,607.31,607.31,610.5,2014.02.01 00:00:05
美元,604.89,600.04,607.31,607.31,610.5,2014.02.01 00:00:05
