date,avgRate
2014-01-01,609.6900024414062
2014-01-02,609.8613361559416
2014-01-03,610.2605832657724
2014-01-04,610.3900146484375
2014-01-05,610.3900146484375
2014-01-06,610.5644933822307
2014-01-07,610.4475576039907
2014-01-08,610.7385898166233
2014-01-09,611.0438654972957
2014-01-10,610.3149030818496
2014-01-11,610.0800170898438
2014-01-12,610.0800170898438
2014-01-13,609.6178159713745
2014-01-14,609.3379211425781
2014-01-15,609.9066054400275
2014-01-16,610.4564642137096
2014-01-17,610.4494336271939
2014-01-18,610.4099731445312
2014-01-19,610.4099731445312
2014-01-20,610.7415867855674
2014-01-21,610.6987550969709
2014-01-22,610.836658296131
2014-01-23,611.0414341517857
2014-01-24,610.4489799499512
2014-01-25,610.3499755859375
2014-01-26,610.3499755859375
2014-01-27,610.2463230442356
2014-01-28,610.4833081389127
2014-01-29,610.7024009967672
2014-01-30,610.5328543526786
2014-01-31,610.5
2014-02-01,610.5
2014-02-02,610.5
2014-02-03,610.5
2014-02-04,610.5
2014-02-05,610.5
2014-02-06,610.5
2014-02-07,610.7945008569834
2014-02-08,610.8900146484375
2014-02-09,610.8900146484375
2014-02-10,610.8483836894133
2014-02-11,610.7315692901611
2014-02-12,610.7615306279431
2014-02-13,610.9517872431506
2014-02-14,610.7593504517943
2014-02-15,610.7000122070312
2014-02-16,610.7000122070312
2014-02-17,610.5688825334821
2014-02-18,610.6928761275773
2014-02-19,610.9846730786701
2014-02-20,611.368384189293
2014-02-21,611.7091189793179
2014-02-22,611.760009765625
2014-02-23,611.760009765625
2014-02-24,611.8662332674352
2014-02-25,611.8469330637079
2014-02-26,611.9097133251505
2014-02-27,612.1866556803385
2014-02-28,612.1480934836648
2014-03-01,612.1400146484375
2014-03-02,612.1400146484375
2014-03-03,611.9406381460336
2014-03-04,612.2839587503229
2014-03-05,612.5442903479751
2014-03-06,612.4981079101562
2014-03-07,612.1066964787545
2014-03-08,612.010009765625
2014-03-09,612.010009765625
2014-03-10,613.0097316716681
2014-03-11,613.2478847816342
2014-03-12,613.4045763817903
2014-03-13,613.2390654941775
2014-03-14,613.4313312398976
2014-03-15,613.4600219726562
2014-03-16,613.4600219726562
2014-03-17,613.2350219726562
2014-03-18,613.3910588444891
2014-03-19,613.496243258135
2014-03-20,614.4997488438398
2014-03-21,614.7291873645231
2014-03-22,614.75
2014-03-23,614.75
2014-03-24,614.5415284959532
2014-03-25,614.28558449667
2014-03-26,614.381493063534
2014-03-27,614.6224508846508
2014-03-28,614.861562875601
2014-03-29,614.9000244140625
2014-03-30,614.9000244140625
2014-03-31,615.1739757449128
2014-04-01,615.0501777307311
2014-04-02,614.9411078559028
2014-04-03,615.1722704743686
2014-04-04,615.5400077201225
2014-04-05,615.5700073242188
2014-04-06,615.5700073242188
2014-04-07,615.5700073242188
2014-04-08,615.3102240808231
2014-04-09,614.9264526367188
2014-04-10,615.0845154437823
2014-04-11,614.9630525008491
2014-04-12,614.9500122070312
2014-04-13,614.9500122070312
2014-04-14,615.2464707318475
2014-04-15,615.6660192871094
2014-04-16,615.8656088618909
2014-04-17,615.7671446508291
2014-04-18,615.8460319860658
2014-04-19,615.8599853515625
2014-04-20,615.8599853515625
2014-04-21,615.9058321439303
2014-04-22,616.0787519089719
2014-04-23,615.9986504982776
2014-04-24,615.8997797056686
2014-04-25,615.779349334969
2014-04-26,615.760009765625
2014-04-27,615.760009765625
2014-04-28,615.6651948073815
2014-04-29,615.5672724560054
2014-04-30,615.7849295821844
2014-05-01,615.7999877929688
2014-05-02,615.7999877929688
2014-05-03,615.7999877929688
2014-05-04,615.7999877929688
2014-05-05,615.6062917608964
2014-05-06,615.6466760769696
2014-05-07,615.4313336422568
2014-05-08,615.5629152610085
2014-05-09,615.7945475435052
2014-05-10,615.8099975585938
2014-05-11,615.8099975585938
2014-05-12,616.2111160633176
2014-05-13,616.3488903380277
2014-05-14,616.5199898019488
2014-05-15,616.4100247896635
2014-05-16,616.2926002139137
2014-05-17,616.280029296875
2014-05-18,616.280029296875
2014-05-19,616.3529946582565
2014-05-20,616.2728444692251
2014-05-21,616.4186068448154
2014-05-22,616.5677193306587
2014-05-23,616.7819083410365
2014-05-24,616.8099975585938
2014-05-25,616.8099975585938
2014-05-26,616.970531566723
2014-05-27,616.884322892374
2014-05-28,616.9327494303385
2014-05-29,617.0412240199358
2014-05-30,616.9667782990829
2014-05-31,616.9500122070312
2014-06-01,616.9500122070312
2014-06-02,616.9500122070312
2014-06-03,617.0839080810547
2014-06-04,616.9442276978141
2014-06-05,617.067983045935
2014-06-06,616.2861502895271
2014-06-07,616.22998046875
2014-06-08,616.22998046875
2014-06-09,615.0609317463675
2014-06-10,614.5346030377327
2014-06-11,615.0158379547787
2014-06-12,615.1525463867188
2014-06-13,615.0406369579082
2014-06-14,615.030029296875
2014-06-15,615.030029296875
2014-06-16,615.338932250357
2014-06-17,615.2942926743451
2014-06-18,615.5675932982258
2014-06-19,615.3445466276887
2014-06-20,615.2468440982846
2014-06-21,615.239990234375
2014-06-22,615.239990234375
2014-06-23,615.5284496166088
2014-06-24,615.4656637440557
2014-06-25,615.5311244748673
2014-06-26,615.4075373260068
2014-06-27,615.4191082369897
2014-06-28,615.4299926757812
2014-06-29,615.4299926757812
2014-06-30,615.3030236816406
2014-07-01,615.2351579337285
2014-07-02,615.464827998992
2014-07-03,615.77210195441
2014-07-04,616.3705246384079
2014-07-05,616.4199829101562
2014-07-06,616.4199829101562
2014-07-07,616.5575823917567
2014-07-08,616.2991473520402
2014-07-09,615.7677408854166
2014-07-10,614.5588692678532
2014-07-11,614.6576848434189
2014-07-12,614.6900024414062
2014-07-13,614.6900024414062
2014-07-14,614.8325426150591
2014-07-15,614.8930000171326
2014-07-16,615.3117444406148
2014-07-17,615.6016271254596
2014-07-18,615.6754237583706
2014-07-19,615.6799926757812
2014-07-20,615.6799926757812
2014-07-21,615.4994474712171
2014-07-22,615.4475733706826
2014-07-23,615.6913608077668
2014-07-24,615.7778613750751
2014-07-25,615.9318546070772
2014-07-26,615.969970703125
2014-07-27,615.969970703125
2014-07-28,616.188224671379
2014-07-29,616.1593141555786
2014-07-30,616.413806783742
2014-07-31,616.71831114863
2014-08-01,616.8016645643446
2014-08-02,616.8099975585938
2014-08-03,616.8099975585938
2014-08-04,616.6357444994377
2014-08-05,616.5572358201814
2014-08-06,616.7782890505907
2014-08-07,616.7098530016448
2014-08-08,615.7457505317584
2014-08-09,615.6199951171875
2014-08-10,615.6199951171875
2014-08-11,615.2914036342075
2014-08-12,615.1774372301603
2014-08-13,615.313879189371
2014-08-14,615.4309220747514
2014-08-15,615.3806780301608
2014-08-16,615.3800048828125
2014-08-17,615.3800048828125
2014-08-18,615.2989720394737
2014-08-19,615.46220703125
2014-08-20,615.772400954674
2014-08-21,616.2772209070906
2014-08-22,616.1910607203964
2014-08-23,616.1699829101562
2014-08-24,616.1699829101562
2014-08-25,616.4926659925928
2014-08-26,616.6170080566407
2014-08-27,616.5863880830652
2014-08-28,616.4146736653646
2014-08-29,616.4586236627252
2014-08-30,616.469970703125
2014-08-31,616.469970703125
2014-09-01,616.7652491519326
2014-09-02,616.8364143084763
2014-09-03,616.9550131379272
2014-09-04,616.6856534156574
2014-09-05,617.0225884054794
2014-09-06,617.0700073242188
2014-09-07,617.0700073242188
2014-09-08,617.0700073242188
2014-09-09,615.4507378093357
2014-09-10,614.3961557241587
2014-09-11,614.4892977627841
2014-09-12,614.6637804186022
2014-09-13,614.6799926757812
2014-09-14,614.6799926757812
2014-09-15,614.5340712263777
2014-09-16,614.6111431121826
2014-09-17,614.5179992675781
2014-09-18,614.8488212890625
2014-09-19,614.6095684944315
2014-09-20,614.5499877929688
2014-09-22,614.8499755859375
2014-09-23,614.7230834960938
2014-09-24,614.6335829248968
2014-09-25,614.9277322703394
2014-09-26,615.0692433177175
2014-09-27,615.0800170898438
2014-09-28,615.0800170898438
2014-09-29,615.3520149477066
2014-09-30,615.2655571831597
2014-10-01,615.25
2014-10-02,615.25
2014-10-03,615.25
2014-10-04,615.25
2014-10-05,615.25
2014-10-06,615.25
2014-10-07,615.25
2014-10-08,614.9617289393401
2014-10-09,614.6611865234376
2014-10-10,614.6887588500977
2014-10-11,614.7000122070312
2014-10-12,614.7000122070312
2014-10-13,614.4871176442792
2014-10-14,614.1439117161574
2014-10-15,614.4794921875
2014-10-16,614.0679561256344
2014-10-17,614.054713828891
2014-10-18,614.0700073242188
2014-10-19,614.0700073242188
2014-10-20,614.296648297991
2014-10-21,614.1274146103277
2014-10-22,614.3349544146589
2014-10-23,614.5470519065857
2014-10-24,614.6539916992188
2014-10-25,614.6699829101562
2014-10-26,614.6699829101562
2014-10-27,614.4706979525291
2014-10-28,614.2552600678944
2014-10-29,614.0785210188045
2014-10-30,614.5104631030832
2014-10-31,614.6056448800223
2014-11-01,614.6099853515625
2014-11-02,614.6099853515625
2014-11-03,615.1099967956543
2014-11-04,615.4046812057495
2014-11-05,615.1052699325109
2014-11-06,615.5663742792038
2014-11-07,615.9589194201549
2014-11-08,616.02001953125
2014-11-09,616.02001953125
2014-11-10,614.0145847486413
2014-11-11,614.091362387447
2014-11-12,614.2619635297366
2014-11-13,614.192497253418
2014-11-14,614.0125851192989
2014-11-15,613.989990234375
2014-11-16,613.989990234375
2014-11-17,614.0744656032986
2014-11-18,614.2751035337095
2014-11-19,614.0089310540093
2014-11-20,614.1477593315972
2014-11-21,613.9191734439037
2014-11-22,613.8699951171875
2014-11-23,613.8699951171875
2014-11-24,614.1708394256086
2014-11-25,613.9156635881035
2014-11-26,613.5824679736024
2014-11-27,613.2353686523437
2014-11-28,613.42750035869
2014-11-29,613.4500122070312
2014-11-30,613.4500122070312
2014-12-01,613.6645489316998
2014-12-02,613.304640826057
2014-12-03,613.6871512276786
2014-12-04,614.0551384313783
2014-12-05,613.8137103581832
2014-12-06,613.72998046875
2014-12-07,613.72998046875
2014-12-08,612.9165196274266
2014-12-09,612.3442264019243
2014-12-10,611.9779562754173
2014-12-11,611.5762274169922
2014-12-12,611.8124033106436
2014-12-13,611.8400268554688
2014-12-14,611.8400268554688
2014-12-15,611.5568688594934
2014-12-16,611.8015654517002
2014-12-17,611.4023036858974
2014-12-18,611.9075719321646
2014-12-19,612.0443857127223
2014-12-20,612.0499877929688
2014-12-21,612.0499877929688
2014-12-22,612.1876684261274
2014-12-23,612.2942475679389
2014-12-24,612.453722336713
2014-12-25,612.1680430165537
2014-12-26,611.9043169163946
2014-12-27,611.8599853515625
2014-12-28,611.8599853515625
2014-12-29,612.0285790671765
2014-12-30,612.2229000676876
2014-12-31,611.9515343868371
2015-01-01,611.9000244140625
2015-01-02,611.9000244140625
2015-01-03,611.9000244140625
2015-01-04,611.9000244140625
2015-01-05,612.4527950286865
2015-01-06,612.5507393829093
2015-01-07,612.6666682316707
2015-01-08,612.9784207384125
2015-01-09,612.9656821196934
2015-01-10,612.9600219726562
2015-01-11,612.9600219726562
2015-01-12,612.4046843352141
2015-01-13,611.9991284844016
2015-01-14,612.040556133918
2015-01-15,611.9388559514827
2015-01-16,611.88380623589
2015-01-17,611.8800048828125
2015-01-18,611.8800048828125
2015-01-19,612.2602260973326
2015-01-20,612.2652242909307
2015-01-21,612.6033001443615
2015-01-22,612.5006662222055
2015-01-23,613.2459348722268
2015-01-24,613.4199829101562
2015-01-25,613.4199829101562
2015-01-26,613.782420828683
2015-01-27,613.6637923233992
2015-01-28,612.909462668679
2015-01-29,613.2806986889808
2015-01-30,613.6549579884746
2015-01-31,613.7000122070312
2015-02-01,613.7000122070312
2015-02-02,613.835693359375
2015-02-03,613.7275471590003
2015-02-04,613.2904406505025
2015-02-05,613.5691660288218
2015-02-06,612.8199829101562
2015-02-09,613.1099853515625
2015-02-10,612.9712475801991
2015-02-11,613.1192533052885
2015-02-12,613.3010896955218
2015-02-13,612.956602705286
2015-02-14,612.8800048828125
2015-02-15,612.8800048828125
2015-02-16,612.7705276076858
2015-02-17,613.1401076898342
2015-02-18,613.2999877929688
2015-02-19,613.2999877929688
2015-02-20,613.2999877929688
2015-02-21,613.2999877929688
2015-02-22,613.2999877929688
2015-02-23,613.2999877929688
2015-02-24,613.2999877929688
2015-02-25,613.6681962446733
2015-02-26,613.8084170692846
2015-02-27,614.3285269388339
2015-02-28,614.75
2015-03-01,614.75
2015-03-02,614.963752746582
2015-03-03,615.3710665021624
2015-03-04,615.287057315602
2015-03-05,615.2754365808823
2015-03-06,615.321195714614
2015-03-07,615.3300170898438
2015-03-08,615.3300170898438
2015-03-09,615.5657217843192
2015-03-10,615.6995660840851
2015-03-11,615.9204211535755
2015-03-12,616.1347955774378
2015-03-13,615.9461955194888
2015-03-14,615.8800048828125
2015-03-15,615.8800048828125
2015-03-16,616.1262864332932
2015-03-17,615.8758790818907
2015-03-18,615.5867331213985
2015-03-19,614.6298595383937
2015-03-20,614.9284081435785
2015-03-21,614.9600219726562
2015-03-22,614.9600219726562
2015-03-23,614.5551676922533
2015-03-24,614.0320035901373
2015-03-25,614.0914045061384
2015-03-26,613.7764846389358
2015-03-27,613.9465220494924
2015-03-28,613.969970703125
2015-03-29,613.969970703125
2015-03-30,614.0158487955729
2015-03-31,614.1966119213639
2015-04-01,614.312268207528
2015-04-02,614.0488940823462
2015-04-03,613.5627462452856
2015-04-05,613.47998046875
2015-04-06,613.47998046875
2015-04-07,613.1126950581869
2015-04-08,613.3916753133138
2015-04-09,613.3838514390883
2015-04-10,613.671476522069
2015-04-11,613.7000122070312
2015-04-12,613.7000122070312
2015-04-13,613.9074590155419
2015-04-14,614.0556897250088
2015-04-15,613.4810113592462
2015-04-16,613.0873013414102
2015-04-17,612.7214121424166
2015-04-18,612.6699829101562
2015-04-19,612.6699829101562
2015-04-20,612.5629808948298
2015-04-21,612.771062173134
2015-04-22,612.8882553998162
2015-04-23,612.8215550603094
2015-04-24,612.4699768066406
2015-04-25,612.4099731445312
2015-04-26,612.4099731445312
2015-04-27,612.2250406631571
2015-04-28,612.1020650531522
2015-04-29,611.7490224369237
2015-04-30,611.4086936773256
2015-05-01,611.3699951171875
2015-05-02,611.3699951171875
2015-05-03,611.3699951171875
2015-05-04,611.6097324289007
2015-05-05,611.7837497200935
2015-05-06,611.5906730020853
2015-05-07,611.1795328349967
2015-05-08,611.436675081548
2015-05-09,611.469970703125
2015-05-10,611.469970703125
2015-05-11,611.3420949536701
2015-05-12,611.5289208798008
2015-05-13,611.2663449374112
2015-05-14,610.9720641345513
2015-05-15,610.8571495319235
2015-05-16,610.8499755859375
2015-05-17,610.8499755859375
2015-05-18,610.7984776814778
2015-05-19,610.9564855431997
2015-05-20,611.214111328125
2015-05-21,611.3706509204621
2015-05-22,611.3214285714286
2015-05-23,611.3099975585938
2015-05-24,611.3099975585938
2015-05-25,611.5766095248135
2015-05-26,611.7054274153002
2015-05-27,611.9324518019154
2015-05-28,612.0146361278887
2015-05-29,611.9709892683131
2015-05-30,611.9600219726562
2015-05-31,611.9600219726562
2015-06-01,612.0463908376869
2015-06-02,612.2310534025494
2015-06-03,611.8273366680583
2015-06-04,611.6506651026258
2015-06-05,611.7900685277478
2015-06-06,611.8099975585938
2015-06-07,611.8099975585938
2015-06-08,612.0247256630346
2015-06-09,611.8248007638114
2015-06-10,611.7362739189522
2015-06-11,611.5299974524456
2015-06-12,611.639628819057
2015-06-13,611.6699829101562
2015-06-14,611.6699829101562
2015-06-15,611.6878629495169
2015-06-16,611.5806927597314
2015-06-17,611.5723565549266
2015-06-18,611.2733434041342
2015-06-19,611.0912475585938
2015-06-20,611.0399780273438
2015-06-21,611.0399780273438
2015-06-22,611.0399780273438
2015-06-23,611.1736132197019
2015-06-24,611.3783673967633
2015-06-25,611.4697808837891
2015-06-26,611.3896353585379
2015-06-27,611.3699951171875
2015-06-28,611.3699951171875
2015-06-29,611.5959255412473
2015-06-30,611.4191171397333
2015-07-01,611.4623296210107
2015-07-02,611.6763700597427
2015-07-03,611.6229019165039
2015-07-04,611.5999755859375
2015-07-05,611.5999755859375
2015-07-06,611.7005348742848
2015-07-07,611.6717294229044
2015-07-08,611.7388626570554
2015-07-09,611.5461528732116
2015-07-10,611.5258713942308
2015-07-11,611.530029296875
2015-07-12,611.530029296875
2015-07-13,611.3681146530878
2015-07-14,611.6057957594957
2015-07-15,611.5394062243009
2015-07-16,611.6982216714811
2015-07-17,611.8850399324264
2015-07-18,611.9199829101562
2015-07-19,611.9199829101562
2015-07-20,611.9606706486192
2015-07-21,611.9859478290265
2015-07-22,611.727992297757
2015-07-23,611.7135620117188
2015-07-24,611.6946316850864
2015-07-25,611.6900024414062
2015-07-26,611.6900024414062
2015-07-27,611.7476555319394
2015-07-28,611.5789419809977
2015-07-29,611.5070847137065
2015-07-30,611.6261074784874
2015-07-31,611.7105964581991
2015-08-01,611.719970703125
2015-08-02,611.719970703125
2015-08-03,611.6941564578822
2015-08-04,611.7508487701416
2015-08-05,611.8367357575491
2015-08-06,611.8223540916872
2015-08-07,611.7555474175347
2015-08-08,611.739990234375
2015-08-09,611.739990234375
2015-08-10,611.6449940999349
2015-08-11,622.4266287467541
2015-08-12,632.2716163336897
2015-08-13,639.3991632936228
2015-08-14,639.794677734375
2015-08-15,639.75
2015-08-16,639.75
2015-08-17,639.696263056216
2015-08-18,639.6614145507813
2015-08-19,639.6347559486948
2015-08-20,639.1865141573008
2015-08-21,638.6949387770433
2015-08-22,638.6400146484375
2015-08-23,638.6400146484375
2015-08-24,638.6212621761274
2015-08-25,639.8062696269914
2015-08-26,640.3844426351301
2015-08-27,640.8149770100912
2015-08-28,639.9489732377984
2015-08-29,639.8599853515625
2015-08-30,639.8599853515625
2015-08-31,639.028752959935
2015-09-01,637.9358237326683
2015-09-02,636.3170265454925
2015-09-03,636.1900024414062
2015-09-04,636.1900024414062
2015-09-05,636.1900024414062
2015-09-06,636.1900024414062
2015-09-07,635.8764826456705
2015-09-08,636.3787904077647
2015-09-09,636.324293486926
2015-09-10,637.625672651696
2015-09-11,637.2264377593995
2015-09-12,637.1900024414062
2015-09-13,637.1900024414062
2015-09-14,637.0966918945312
2015-09-15,636.6936282596073
2015-09-16,637.0380736184776
2015-09-17,636.7628442959523
2015-09-18,636.0890983812736
2015-09-19,636.0700073242188
2015-09-20,636.0700073242188
2015-09-21,636.6378854397124
2015-09-22,637.1515788288859
2015-09-23,637.6762891023055
2015-09-24,637.881234818146
2015-09-25,637.8570123366368
2015-09-26,637.8499755859375
2015-09-27,637.8499755859375
2015-09-28,637.371823824369
2015-09-29,636.6631130642361
2015-09-30,636.1834974831681
2015-10-01,636.1300048828125
2015-10-02,636.1300048828125
2015-10-03,636.1300048828125
2015-10-04,636.1300048828125
2015-10-05,636.1300048828125
2015-10-06,636.1300048828125
2015-10-07,636.1300048828125
2015-10-08,635.0911313011533
2015-10-09,634.9444365324797
2015-10-10,634.9299926757812
2015-10-11,634.9299926757812
2015-10-12,634.0988366263254
2015-10-13,632.4710405033791
2015-10-14,633.8954138258483
2015-10-15,634.0296049400195
2015-10-16,634.3161860740989
2015-10-17,634.3599853515625
2015-10-18,634.3599853515625
2015-10-19,635.1620493743379
2015-10-20,636.0353949824466
2015-10-21,634.8899843472961
2015-10-22,634.9377572488464
2015-10-23,635.8448100116967
2015-10-24,635.9500122070312
2015-10-25,635.9500122070312
2015-10-26,635.5457504734849
2015-10-27,634.9993148504519
2015-10-28,635.3186233982896
2015-10-29,635.8966640685657
2015-10-30,635.0017056202325
2015-10-31,634.9500122070312
2015-11-01,634.9500122070312
2015-11-02,631.7500749199311
2015-11-03,633.0219757080079
2015-11-04,633.3814607508042
2015-11-05,633.7494872269357
2015-11-06,634.4878161200162
2015-11-07,634.5900268554688
2015-11-08,634.5900268554688
2015-11-09,635.7642676751345
2015-11-10,635.9967061941965
2015-11-11,636.1235637049521
2015-11-12,636.25732421875
2015-11-13,636.51733152328
2015-11-14,636.5499877929688
2015-11-15,636.5499877929688
2015-11-16,637.3716199720228
2015-11-17,637.4117403030396
2015-11-18,637.902452130184
2015-11-19,637.9153355189732
2015-11-20,637.810986328125
2015-11-21,637.7999877929688
2015-11-22,637.7999877929688
2015-11-23,638.5981484509389
2015-11-24,638.852825568704
2015-11-25,638.7960375714046
2015-11-26,638.9091284615653
2015-11-27,639.1204136439732
2015-11-28,639.1500244140625
2015-11-29,639.1500244140625
2015-11-30,639.5380234829215
2015-12-01,639.6946765287423
2015-12-02,639.6263694069602
2015-12-03,639.7663252981085
2015-12-04,638.5384879734205
2015-12-05,638.510009765625
2015-12-06,638.510009765625
2015-12-07,639.6438269981971
2015-12-08,640.6190584622897
2015-12-09,641.3070251464844
2015-12-10,642.2423127205141
2015-12-11,643.3766784667969
2015-12-12,643.5800170898438
2015-12-13,643.5800170898438
2015-12-14,644.6514235276443
2015-12-15,645.4842853048573
2015-12-16,646.1900985054348
2015-12-17,647.538056164253
2015-12-18,648.0526748165007
2015-12-19,648.1400146484375
2015-12-20,648.1400146484375
2015-12-21,647.6846734705106
2015-12-22,647.4759327281605
2015-12-23,647.3395105580814
2015-12-24,647.5035380701864
2015-12-25,647.2412824060162
2015-12-26,647.1300048828125
2015-12-27,647.1300048828125
2015-12-28,647.4279230291194
2015-12-29,648.4551474081503
2015-12-30,648.8890290807506
2015-12-31,649.2524514120133
2016-01-01,649.3599853515625
2016-01-02,649.3599853515625
2016-01-03,649.3599853515625
2016-01-04,650.233656141493
2016-01-05,651.4304244192023
2016-01-06,652.9966994884402
2016-01-07,656.1896141362945
2016-01-08,656.3778490339007
2016-01-09,656.3599853515625
2016-01-10,656.3599853515625
2016-01-11,656.2702262488594
2016-01-12,656.2775653545673
2016-01-13,656.2974705051731
2016-01-14,656.1812553710937
2016-01-15,656.32549893654
2016-01-16,656.3699951171875
2016-01-17,656.3699951171875
2016-01-18,655.9445906014278
2016-01-19,655.9544106901978
2016-01-20,655.7972459876019
2016-01-21,655.841163455032
2016-01-22,655.739067465572
2016-01-23,655.719970703125
2016-01-24,655.719970703125
2016-01-25,655.5961637275163
2016-01-26,655.4968605041504
2016-01-27,655.3586617801966
2016-01-28,655.2899106047875
2016-01-29,655.1736380724403
2016-01-30,655.1599731445312
2016-01-31,655.1599731445312
2016-02-01,655.3479338855278
2016-02-02,655.1634216308594
2016-02-03,655.1914993135056
2016-02-04,654.3233896108774
2016-02-05,653.4263749556108
2016-02-06,653.1400146484375
2016-02-07,653.1400146484375
2016-02-08,653.1400146484375
2016-02-09,653.1400146484375
2016-02-10,653.1400146484375
2016-02-11,653.1400146484375
2016-02-12,653.1400146484375
2016-02-13,653.1400146484375
2016-02-14,653.1400146484375
2016-02-15,651.3560425535647
2016-02-16,651.2882235657935
2016-02-17,652.2240850275213
2016-02-18,651.659567761777
2016-02-19,651.8071751270479
2016-02-20,651.8599853515625
2016-02-21,651.8599853515625
2016-02-22,651.6783975137247
2016-02-23,652.5706426901895
2016-02-24,652.9688361672794
2016-02-25,653.1595705722241
2016-02-26,653.3268101468999
2016-02-27,653.3800048828125
2016-02-28,653.3800048828125
2016-02-29,654.1662218817349
2016-03-01,653.9300895359205
2016-03-02,654.7519406049679
2016-03-03,654.2369995117188
2016-03-04,652.9475051064528
2016-03-05,652.8400268554688
2016-03-06,652.8400268554688
2016-03-07,651.3902256177819
2016-03-08,650.5642656598773
2016-03-09,650.8728693181819
2016-03-10,651.2390689247533
2016-03-11,649.0869883219401
2016-03-12,649.0499877929688
2016-03-13,649.0499877929688
2016-03-14,649.1156018066406
2016-03-15,650.5618901143547
2016-03-16,651.5665698493879
2016-03-17,649.6510889623072
2016-03-18,646.7764202615489
2016-03-19,646.280029296875
2016-03-20,646.280029296875
2016-03-21,647.9413295200893
2016-03-22,649.5215563651843
2016-03-23,649.3983764648438
2016-03-24,651.2127497116192
2016-03-25,652.1285942925347
2016-03-26,652.22998046875
2016-03-27,652.22998046875
2016-03-28,652.311261858259
2016-03-29,651.0299835205078
2016-03-30,648.6929509880838
2016-03-31,646.3401853121244
2016-04-01,645.8862807329963
2016-04-02,645.8499755859375
2016-04-03,645.8499755859375
2016-04-04,645.8499755859375
2016-04-05,646.5074288504464
2016-04-06,647.4471236248405
2016-04-07,647.1207427978516
2016-04-08,647.3040161132812
2016-04-09,647.3300170898438
2016-04-10,647.3300170898438
2016-04-11,646.6011048977967
2016-04-12,646.1971000671386
2016-04-13,645.9348269457008
2016-04-14,648.5528302873884
2016-04-15,649.0606161027947
2016-04-16,649.0800170898438
2016-04-17,649.0800170898438
2016-04-18,647.9845534104568
2016-04-19,647.100611680219
2016-04-20,645.9642211914063
2016-04-21,647.7204287149073
2016-04-22,648.8874527572037
2016-04-23,648.97998046875
2016-04-24,648.97998046875
2016-04-25,650.8953019684436
2016-04-26,649.0553924225189
2016-04-27,648.4275154744772
2016-04-28,649.4490467130829
2016-04-29,646.5871986646331
2016-04-30,645.8900146484375
2016-05-01,645.8900146484375
2016-05-02,645.8900146484375
2016-05-03,645.6704491148604
2016-05-04,649.0939954969618
2016-05-05,651.068951293126
2016-05-06,651.9579224486451
2016-05-07,652.02001953125
2016-05-08,652.02001953125
2016-05-09,651.1005102793375
2016-05-10,652.2305329475996
2016-05-11,652.1094480305048
2016-05-12,649.8101526416323
2016-05-13,652.2161661783854
2016-05-14,652.4600219726562
2016-05-15,652.4600219726562
2016-05-16,653.3126575100806
2016-05-17,652.1519367218018
2016-05-18,652.1395510409741
2016-05-19,654.8852751656865
2016-05-20,655.1312946520353
2016-05-21,655.0999755859375
2016-05-22,655.0999755859375
2016-05-23,654.6041532574278
2016-05-24,654.6636141078678
2016-05-25,656.7400576108462
2016-05-26,655.7369384765625
2016-05-27,655.0033569335938
2016-05-28,654.9000244140625
2016-05-29,654.9000244140625
2016-05-30,657.4553536388362
2016-05-31,657.8939869238895
2016-06-01,658.7753842002467
2016-06-02,657.1243154620597
2016-06-03,657.8279105292427
2016-06-04,657.9299926757812
2016-06-05,657.9299926757812
2016-06-06,655.233735037322
2016-06-07,656.0732260311352
2016-06-08,655.9716593424479
2016-06-09,655.9299926757812
2016-06-10,655.9299926757812
2016-06-11,655.9299926757812
2016-06-12,655.9299926757812
2016-06-13,657.8367338462695
2016-06-14,657.9246151992699
2016-06-15,659.7903980928309
2016-06-16,657.6269291005236
2016-06-17,657.8249366101879
2016-06-18,657.9500122070312
2016-06-19,657.9500122070312
2016-06-20,657.2055387734181
2016-06-21,656.6259701856926
2016-06-22,659.046402847211
2016-06-23,656.8068671390928
2016-06-24,657.7087057362432
2016-06-25,657.760009765625
2016-06-26,657.760009765625
2016-06-27,662.7568409974093
2016-06-28,665.1525268554688
2016-06-29,663.4541379812673
2016-06-30,663.1275966178238
2016-07-01,664.7686591796875
2016-07-02,664.9600219726562
2016-07-03,664.9600219726562
2016-07-04,664.7633534626789
2016-07-05,665.810605135831
2016-07-06,668.3371423085531
2016-07-07,668.2417017977002
2016-07-08,668.466564471905
2016-07-09,668.530029296875
2016-07-10,668.530029296875
2016-07-11,668.4449235147505
2016-07-12,669.3770629882813
2016-07-13,669.0094158729811
2016-07-14,668.5169435064477
2016-07-15,668.1140556335449
2016-07-16,668.0499877929688
2016-07-17,668.0499877929688
2016-07-18,669.4495284598214
2016-07-19,669.6984531117134
2016-07-20,669.4772633519666
2016-07-21,668.7787598226672
2016-07-22,667.0049975165006
2016-07-23,666.6900024414062
2016-07-24,666.6900024414062
2016-07-25,668.3612289428711
2016-07-26,667.87908321099
2016-07-27,666.8127910376942
2016-07-28,666.0765380859375
2016-07-29,665.1849218344787
2016-07-30,665.1099853515625
2016-07-31,665.1099853515625
2016-08-01,663.0684044345113
2016-08-02,664.3625529661017
2016-08-03,662.2740625309038
2016-08-04,664.1678723611467
2016-08-05,664.0977463880122
2016-08-06,664.0599975585938
2016-08-07,664.0599975585938
2016-08-08,665.9177992078993
2016-08-09,665.9660051618304
2016-08-10,665.3733652685858
2016-08-11,662.8192185621995
2016-08-12,665.184885877244
2016-08-13,665.4299926757812
2016-08-14,665.4299926757812
2016-08-15,664.4599884843404
2016-08-16,663.1680433485243
2016-08-17,660.9873839421059
2016-08-18,662.5093042405986
2016-08-19,662.1831308429161
2016-08-20,662.1099853515625
2016-08-21,662.1099853515625
2016-08-22,665.9920576928367
2016-08-23,665.9123051340987
2016-08-24,664.3660095214843
2016-08-25,665.7851798765121
2016-08-26,664.9788061523437
2016-08-27,664.8800048828125
2016-08-28,664.8800048828125
2016-08-29,668.1948074457299
2016-08-30,668.198732396176
2016-08-31,668.9150133132935
2016-09-01,668.0913762273016
2016-09-02,667.356183429097
2016-09-03,667.27001953125
2016-09-04,667.27001953125
2016-09-05,668.56494140625
2016-09-06,666.9455867159194
2016-09-07,665.6769131747159
2016-09-08,666.138301028481
2016-09-09,666.7896014589252
2016-09-10,666.8400268554688
2016-09-11,666.8400268554688
2016-09-12,668.7801758773684
2016-09-13,667.5600109729138
2016-09-14,668.74988033897
2016-09-15,668.9500122070312
2016-09-16,668.9500122070312
2016-09-17,668.9500122070312
2016-09-18,668.9500122070312
2016-09-19,668.0229800215392
2016-09-20,666.1236461292614
2016-09-21,667.270005446214
2016-09-22,665.5050048828125
2016-09-23,666.4597049635283
2016-09-24,666.7000122070312
2016-09-25,666.7000122070312
2016-09-26,667.3301029016476
2016-09-27,666.5845957610567
2016-09-28,666.7561551607572
2016-09-29,666.9749302334255
2016-09-30,667.6585876099364
2016-10-01,667.780029296875
2016-10-02,667.780029296875
2016-10-03,667.780029296875
2016-10-04,667.780029296875
2016-10-05,667.780029296875
2016-10-06,667.780029296875
2016-10-07,667.780029296875
2016-10-08,667.780029296875
2016-10-09,667.780029296875
2016-10-10,669.7903889973958
2016-10-11,670.8786600883433
2016-10-12,672.3947496916119
2016-10-13,672.9152008839143
2016-10-14,671.8032312585203
2016-10-15,671.5700073242188
2016-10-16,671.5700073242188
2016-10-17,673.4635117474725
2016-10-18,673.1256519848148
2016-10-19,673.2312622070312
2016-10-20,673.1336734169408
2016-10-21,675.3093286801691
2016-10-22,675.5800170898438
2016-10-23,675.5800170898438
2016-10-24,676.7377284315766
2016-10-25,677.3770050048828
2016-10-26,677.0901035853794
2016-10-27,677.3263422056687
2016-10-28,678.4506197842685
2016-10-29,678.5800170898438
2016-10-30,678.5800170898438
2016-10-31,676.9223446316189
2016-11-01,677.2117435849946
2016-11-02,675.8657139369419
2016-11-03,674.9736302869073
2016-11-04,675.088646157274
2016-11-05,675.1400146484375
2016-11-06,675.1400146484375
2016-11-07,676.8983357747396
2016-11-08,678.0349395471975
2016-11-09,678.3096409539572
2016-11-10,678.785011734501
2016-11-11,680.9409290660511
2016-11-12,681.1500244140625
2016-11-13,681.1500244140625
2016-11-14,682.7057202027576
2016-11-15,684.7593543507228
2016-11-16,685.8122083875868
2016-11-17,686.7853675255409
2016-11-18,687.7402954101562
2016-11-19,687.9600219726562
2016-11-20,687.9600219726562
2016-11-21,689.7318534851074
2016-11-22,688.1783382228164
2016-11-23,688.8332111100506
2016-11-24,690.5671634674072
2016-11-25,691.5332493228807
2016-11-26,691.6799926757812
2016-11-27,691.6799926757812
2016-11-28,690.6261663263494
2016-11-29,689.142901964424
2016-11-30,688.6863020076308
2016-12-01,689.410927512429
2016-12-02,688.2544093947337
2016-12-03,687.9400024414062
2016-12-04,687.9400024414062
2016-12-05,688.6150111148232
2016-12-06,686.0847531582447
2016-12-07,687.8156179874501
2016-12-08,687.3745243349555
2016-12-09,689.4212137017369
2016-12-10,689.719970703125
2016-12-11,689.719970703125
2016-12-12,690.7138296274038
2016-12-13,689.5640207391036
2016-12-14,690.1426443246695
2016-12-15,692.569490131579
2016-12-16,694.7542316026924
2016-12-17,695.0800170898438
2016-12-18,695.0800170898438
2016-12-19,693.4204364414633
2016-12-20,694.4524930318197
2016-12-21,694.8553508277079
2016-12-22,694.4355263285117
2016-12-23,694.5787319129621
2016-12-24,694.6300048828125
2016-12-25,694.6300048828125
2016-12-26,694.5982274764623
2016-12-27,694.6121087325247
2016-12-28,694.8831168509819
2016-12-29,694.9656938825335
2016-12-30,693.9980636908084
2016-12-31,693.7000122070312
2017-01-01,693.7000122070312
2017-01-02,693.7000122070312
2017-01-03,694.7533194224039
2017-01-04,695.2176797556323
2017-01-05,693.2785789853051
2017-01-06,687.2801597974577
2017-01-07,686.6799926757812
2017-01-08,686.6799926757812
2017-01-09,691.9972529257498
2017-01-10,692.3670582738416
2017-01-11,692.3489807128906
2017-01-12,691.4873851102941
2017-01-13,689.3163630787919
2017-01-14,689.0900268554688
2017-01-15,689.0900268554688
2017-01-16,688.7886064317491
2017-01-17,689.8462333679199
2017-01-18,685.6412027568717
2017-01-19,685.6485297970655
2017-01-20,686.8157069614955
2017-01-21,686.9299926757812
2017-01-22,686.9299926757812
2017-01-23,685.7943295952994
2017-01-24,683.5709500646894
2017-01-25,685.5635616272453
2017-01-26,685.8924750786323
2017-01-27,685.8800048828125
2017-01-28,685.8800048828125
2017-01-29,685.8800048828125
2017-01-30,685.8800048828125
2017-01-31,685.8800048828125
2017-02-01,685.8800048828125
2017-02-02,685.8800048828125
2017-02-03,685.6049424075009
2017-02-04,685.5599975585938
2017-02-05,685.5599975585938
2017-02-06,686.0170527733177
2017-02-07,686.0423553466796
2017-02-08,688.2722113715278
2017-02-09,687.210881010015
2017-02-10,688.0613657317547
2017-02-11,688.1900024414062
2017-02-12,688.1900024414062
2017-02-13,688.9097601996527
2017-02-14,688.1273133812881
2017-02-15,686.4496960373399
2017-02-16,686.2935408252781
2017-02-17,684.7122358398437
2017-02-18,684.5599975585938
2017-02-19,684.5599975585938
2017-02-20,687.155205909242
2017-02-21,687.8477986653646
2017-02-22,688.2699153584646
2017-02-23,687.085009765625
2017-02-24,686.5739892578125
2017-02-25,686.5499877929688
2017-02-26,686.5499877929688
2017-02-27,687.9006557669691
2017-02-28,687.5792399088542
2017-03-01,687.9139281106651
2017-03-02,688.0725194757634
2017-03-03,688.8512725830078
2017-03-04,688.9600219726562
2017-03-05,688.9600219726562
2017-03-06,688.0000241837412
2017-03-07,689.3821342468261
2017-03-08,690.2279020610608
2017-03-09,691.1597768299615
2017-03-10,691.2313454367898
2017-03-11,691.22998046875
2017-03-12,691.22998046875
2017-03-13,690.0864717371323
2017-03-14,691.002099609375
2017-03-15,691.1550752446892
2017-03-16,689.005523390997
2017-03-17,688.7168300462806
2017-03-18,688.72998046875
2017-03-19,688.72998046875
2017-03-20,689.8033500339674
2017-03-21,690.6224169921875
2017-03-22,689.0282430528085
2017-03-23,688.5920141419368
2017-03-24,688.4608440977154
2017-03-25,688.4500122070312
2017-03-26,688.4500122070312
2017-03-27,687.2345973023581
2017-03-28,687.724713493796
2017-03-29,688.9584117824749
2017-03-30,688.9321783942145
2017-03-31,689.747728485422
2017-04-01,689.9299926757812
2017-04-02,689.9299926757812
2017-04-03,689.9299926757812
2017-04-04,689.9299926757812
2017-04-05,689.1477952309705
2017-04-06,689.2799886067709
2017-04-07,689.4690340827493
2017-04-08,689.489990234375
2017-04-09,689.489990234375
2017-04-10,690.2750489866579
2017-04-11,689.7136651697293
2017-04-12,689.4266482433641
2017-04-13,686.8395728395697
2017-04-14,687.222021484375
2017-04-15,687.4000244140625
2017-04-16,687.4000244140625
2017-04-17,687.7851177593609
2017-04-18,688.4155699264171
2017-04-19,686.9330800877939
2017-04-20,687.7548257150958
2017-04-21,688.1969479420146
2017-04-22,688.22998046875
2017-04-23,688.22998046875
2017-04-24,686.9568712250525
2017-04-25,688.1155791921714
2017-04-26,688.4366794162327
2017-04-27,688.9140060539532
2017-04-28,689.2551821053746
2017-04-29,689.3099975585938
2017-04-30,689.3099975585938
2017-05-01,689.3099975585938
2017-05-02,689.5183308919271
2017-05-03,689.0095849609374
2017-05-04,689.4470297323691
2017-05-05,688.9456819233142
2017-05-06,688.8400268554688
2017-05-07,688.8400268554688
2017-05-08,689.3513930376838
2017-05-09,690.1927175810843
2017-05-10,690.6123648116837
2017-05-11,690.5322265625
2017-05-12,689.6230400933159
2017-05-13,689.47998046875
2017-05-14,689.47998046875
2017-05-15,688.6500142415365
2017-05-16,687.9707256116366
2017-05-17,686.497060511234
2017-05-18,686.1453319484905
2017-05-19,687.6726017878606
2017-05-20,687.8599853515625
2017-05-21,687.8599853515625
2017-05-22,686.8736251572432
2017-05-23,686.627928546656
2017-05-24,687.3670832936357
2017-05-25,687.0348205566406
2017-05-26,686.9771172590316
2017-05-27,686.97998046875
2017-05-28,686.97998046875
2017-05-29,686.97998046875
2017-05-30,686.97998046875
2017-05-31,686.371827599598
2017-06-01,681.5073262264854
2017-06-02,680.7241516113281
2017-06-03,680.7000122070312
2017-06-04,680.7000122070312
2017-06-05,679.4823321174173
2017-06-06,679.3419810703823
2017-06-07,678.667710524339
2017-06-08,679.19275811378
2017-06-09,679.6558220523527
2017-06-10,679.7100219726562
2017-06-11,679.7100219726562
2017-06-12,679.5268407751013
2017-06-13,679.5332493291837
2017-06-14,679.4169311523438
2017-06-15,678.6522587890624
2017-06-16,679.7854087335601
2017-06-17,679.9500122070312
2017-06-18,679.9500122070312
2017-06-19,679.7387922807173
2017-06-20,680.8681663230614
2017-06-21,681.8096313476562
2017-06-22,681.9634358332708
2017-06-23,682.3326932466947
2017-06-24,682.3800048828125
2017-06-25,682.3800048828125
2017-06-26,682.2254657167377
2017-06-27,682.8380350252477
2017-06-28,680.6852210899452
2017-06-29,679.5562039507114
2017-06-30,677.676783619311
2017-07-01,677.4400024414062
2017-07-02,677.4400024414062
2017-07-03,677.6849746704102
2017-07-04,678.6865287449049
2017-07-05,679.1669420514788
2017-07-06,679.4793466421274
2017-07-07,679.1976689877717
2017-07-08,679.1400146484375
2017-07-09,679.1400146484375
2017-07-10,679.5251497835726
2017-07-11,679.7998947515721
2017-07-12,678.8530051982508
2017-07-13,678.1134119573629
2017-07-14,677.7912151057545
2017-07-15,677.739990234375
2017-07-16,677.739990234375
2017-07-17,675.9497721354167
2017-07-18,676.0492785968612
2017-07-19,674.7820056152344
2017-07-20,674.6225350003283
2017-07-21,674.2257960997906
2017-07-22,674.1500244140625
2017-07-23,674.1500244140625
2017-07-24,674.1038254957932
2017-07-25,674.7905696453435
2017-07-26,675.2096297554348
2017-07-27,673.3213247623083
2017-07-28,673.6307363868656
2017-07-29,673.72998046875
2017-07-30,673.72998046875
2017-07-31,672.9224790808273
2017-08-01,671.6523255693152
2017-08-02,671.9660332258358
2017-08-03,672.1040228612675
2017-08-04,671.408437700414
2017-08-05,671.3200073242188
2017-08-06,671.3200073242188
2017-08-07,672.1417210465771
2017-08-08,671.8875091333183
2017-08-09,670.8892812093098
2017-08-10,667.9579713736008
2017-08-11,666.5746173218593
2017-08-12,666.4199829101562
2017-08-13,666.4199829101562
2017-08-14,666.0478534405048
2017-08-15,666.8218852381552
2017-08-16,667.6766959237052
2017-08-17,667.1620218331474
2017-08-18,667.4038759293095
2017-08-19,667.4400024414062
2017-08-20,667.4400024414062
2017-08-21,667.1426780498133
2017-08-22,666.1786086138557
2017-08-23,666.2770690917969
2017-08-24,665.4593910684391
2017-08-25,665.7105694939108
2017-08-26,665.7899780273438
2017-08-27,665.7899780273438
2017-08-28,663.8461060423951
2017-08-29,662.9837272985658
2017-08-30,661.2574173232256
2017-08-31,660.2323106739619
2017-09-01,659.2595287403027
2017-09-02,659.0900268554688
2017-09-03,659.0900268554688
2017-09-04,657.0200588483752
2017-09-05,654.0327284729597
2017-09-06,653.1717036418835
2017-09-07,652.738696112149
2017-09-08,650.6263945256802
2017-09-09,650.3200073242188
2017-09-10,650.3200073242188
2017-09-11,650.0117181900445
2017-09-12,652.4323252002198
2017-09-13,653.6946356474464
2017-09-14,654.5643161276113
2017-09-15,654.2610948350695
2017-09-16,654.22998046875
2017-09-17,654.22998046875
2017-09-18,654.1953927372278
2017-09-19,655.1732771363977
2017-09-20,656.5090997869319
2017-09-21,658.4164223246055
2017-09-22,658.619649387846
2017-09-23,658.6099853515625
2017-09-24,658.6099853515625
2017-09-25,659.3461379184517
2017-09-26,660.6208949806415
2017-09-27,661.7910970052084
2017-09-28,662.7155188135354
2017-09-29,663.597157367907
2017-09-30,663.6900024414062
2017-10-01,663.6900024414062
2017-10-02,663.6900024414062
2017-10-03,663.6900024414062
2017-10-04,663.6900024414062
2017-10-05,663.6900024414062
2017-10-06,663.6900024414062
2017-10-07,663.6900024414062
2017-10-08,663.6900024414062
2017-10-09,664.7651384827718
2017-10-10,663.12109375
2017-10-11,659.0039741516114
2017-10-12,658.1148457845052
2017-10-13,658.6158460534137
2017-10-14,658.6599731445312
2017-10-15,658.6599731445312
2017-10-16,658.4325423567262
2017-10-17,658.7640167236328
2017-10-18,659.7566890593498
2017-10-19,660.824836023075
2017-10-20,660.9209164634269
2017-10-21,660.9199829101562
2017-10-22,660.9199829101562
2017-10-23,661.8773481580946
2017-10-24,662.5618667602539
2017-10-25,663.1364689463193
2017-10-26,662.9187351661392
2017-10-27,664.535246196546
2017-10-28,664.72998046875
2017-10-29,664.72998046875
2017-10-30,664.8432276108686
2017-10-31,664.0958482435533
2017-11-01,663.0781184458892
2017-11-02,662.070760373716
2017-11-03,660.8677488336909
2017-11-04,660.719970703125
2017-11-05,660.719970703125
2017-11-06,662.2041479183149
2017-11-07,662.2049003269361
2017-11-08,662.6828700474331
2017-11-09,663.1827415903663
2017-11-10,662.8922198346553
2017-11-11,662.8200073242188
2017-11-12,662.8200073242188
2017-11-13,663.3746427408854
2017-11-14,663.922649575652
2017-11-15,662.8184365881494
2017-11-16,662.826112259266
2017-11-17,662.7819770136966
2017-11-18,662.77001953125
2017-11-19,662.77001953125
2017-11-20,662.7179383171929
2017-11-21,663.4350011488971
2017-11-22,662.9943062918527
2017-11-23,660.5105009687708
2017-11-24,658.3264195884146
2017-11-25,658.0999755859375
2017-11-26,658.0999755859375
2017-11-27,658.6549015816926
2017-11-28,659.3558479684298
2017-11-29,660.0072546386718
2017-11-30,660.313375705626
2017-12-01,660.6228463309152
2017-12-02,660.6699829101562
2017-12-03,660.6699829101562
2017-12-04,660.9783475281762
2017-12-05,661.1203324873369
2017-12-06,661.5735946264023
2017-12-07,661.9001409357244
2017-12-08,662.1503560174372
2017-12-09,662.1799926757812
2017-12-10,662.1799926757812
2017-12-11,661.6173926181481
2017-12-12,661.6045059419014
2017-12-13,662.4386406664578
2017-12-14,660.657015991211
2017-12-15,661.0039794085777
2017-12-16,661.1300048828125
2017-12-17,661.1300048828125
2017-12-18,661.5443055687881
2017-12-19,661.0665989925986
2017-12-20,660.701804167305
2017-12-21,658.1963722922585
2017-12-22,658.181309237802
2017-12-23,658.2100219726562
2017-12-24,658.2100219726562
2017-12-25,657.020625499072
2017-12-26,654.5325374159702
2017-12-27,654.2044902600741
2017-12-28,654.1317377505095
2017-12-29,653.4669349484327
2017-12-30,653.4199829101562
2017-12-31,653.4199829101562
2018-01-01,653.4199829101562
2018-01-02,651.1763768489892
2018-01-03,649.3821957906088
2018-01-04,650.287494938548
2018-01-05,649.2566884358724
2018-01-06,649.1500244140625
2018-01-07,649.1500244140625
2018-01-08,648.3937866210938
2018-01-09,649.56620904079
2018-01-10,651.8010346145875
2018-01-11,651.5398778822815
2018-01-12,649.5062857397196
2018-01-13,649.3200073242188
2018-01-14,649.3200073242188
2018-01-15,645.9668927259848
2018-01-16,644.0266752392833
2018-01-17,643.4038821593026
2018-01-18,643.9041219293115
2018-01-19,641.9288267247817
2018-01-20,641.6900024414062
2018-01-21,641.6900024414062
2018-01-22,641.1926075151772
2018-01-23,640.1831622833902
2018-01-24,639.2510804468271
2018-01-25,637.356858759341
2018-01-26,634.7664376535723
2018-01-27,634.3599853515625
2018-01-28,634.3599853515625
2018-01-29,632.7959918641208
2018-01-30,633.0936957024909
2018-01-31,633.373538880429
2018-02-01,630.5984971788195
2018-02-02,628.9418836947209
2018-02-03,628.8499755859375
2018-02-04,628.8499755859375
2018-02-05,630.0259175203284
2018-02-06,630.6620506745219
2018-02-07,629.0339104860824
2018-02-08,628.2635631072216
2018-02-09,631.5611103199146
2018-02-10,631.9400024414062
2018-02-11,631.9400024414062
2018-02-12,630.1340253592494
2018-02-13,632.2968623408565
2018-02-14,634.2079305268934
2018-02-15,634.280029296875
2018-02-16,634.280029296875
2018-02-17,634.280029296875
2018-02-18,634.280029296875
2018-02-19,634.280029296875
2018-02-20,634.280029296875
2018-02-21,634.280029296875
2018-02-22,635.2244353117766
2018-02-23,634.8746886434434
2018-02-24,634.8200073242188
2018-02-25,634.8200073242188
2018-02-26,633.8393436330352
2018-02-27,631.6054175270351
2018-02-28,632.8618803052259
2018-03-01,633.4770553023727
2018-03-02,633.3574655922226
2018-03-03,633.3400268554688
2018-03-04,633.3400268554688
2018-03-05,634.2831161534264
2018-03-06,633.9067398665787
2018-03-07,633.0328447534404
2018-03-08,632.4392967087393
2018-03-09,634.3367805926252
2018-03-10,634.510009765625
2018-03-11,634.510009765625
2018-03-12,633.4514869241153
2018-03-13,632.2915101947207
2018-03-14,632.0648738482527
2018-03-15,631.4649437278326
2018-03-16,633.1956407701647
2018-03-17,633.4000244140625
2018-03-18,633.4000244140625
2018-03-19,633.2203727311003
2018-03-20,632.5153953915551
2018-03-21,633.7490844726562
2018-03-22,631.9675586075433
2018-03-23,632.5730812191346
2018-03-24,632.719970703125
2018-03-25,632.719970703125
2018-03-26,631.9598031673792
2018-03-27,628.4209744966947
2018-03-28,627.8739367498868
2018-03-29,630.2340439305161
2018-03-30,628.9820859944163
2018-03-31,628.8099975585938
2018-04-01,628.8099975585938
2018-04-02,627.7309459626983
2018-04-03,628.2528991699219
2018-04-04,629.1761906832585
2018-04-05,629.260009765625
2018-04-06,629.260009765625
2018-04-07,629.260009765625
2018-04-08,629.260009765625
2018-04-09,630.9202738179789
2018-04-10,630.7386881510416
2018-04-11,629.20933403065
2018-04-12,628.40796436983
2018-04-13,628.9277393574617
2018-04-14,628.97998046875
2018-04-15,628.97998046875
2018-04-16,628.8516252212103
2018-04-17,627.8097282858456
2018-04-18,628.125380637429
2018-04-19,628.3089217763816
2018-04-20,628.9155684819831
2018-04-21,628.969970703125
2018-04-22,628.969970703125
2018-04-23,630.2410494148052
2018-04-24,632.1200652696285
2018-04-25,630.7736944154251
2018-04-26,632.6589791434152
2018-04-27,633.8368495818107
2018-04-28,633.9299926757812
2018-04-29,633.9299926757812
2018-04-30,633.9299926757812
2018-05-01,633.9299926757812
2018-05-02,636.443000085575
2018-05-03,637.2129843575614
2018-05-04,635.372328538161
2018-05-05,635.2100219726562
2018-05-06,635.2100219726562
2018-05-07,635.7885360717773
2018-05-08,636.6382994570974
2018-05-09,637.2738240559896
2018-05-10,637.6549129920984
2018-05-11,635.3967775398469
2018-05-12,635.239990234375
2018-05-13,635.239990234375
2018-05-14,633.601840700422
2018-05-15,634.755970939261
2018-05-16,637.2045120311574
2018-05-17,636.8459131273173
2018-05-18,637.54345666134
2018-05-19,637.6300048828125
2018-05-20,637.6300048828125
2018-05-21,638.4649670787693
2018-05-22,638.0576535488697
2018-05-23,637.7479486232851
2018-05-24,638.1249511166395
2018-05-25,638.6255205203325
2018-05-26,638.6699829101562
2018-05-27,638.6699829101562
2018-05-28,639.5759223859335
2018-05-29,640.1850592980018
2018-05-30,642.0108558466072
2018-05-31,641.4866694697628
2018-06-01,640.8143136160714
2018-06-02,640.780029296875
2018-06-03,640.780029296875
2018-06-04,641.9528443709663
2018-06-05,641.6075869911596
2018-06-06,640.5176763268156
2018-06-07,639.324449327257
2018-06-08,639.9700273786273
2018-06-09,640.030029296875
2018-06-10,640.030029296875
2018-06-11,640.5941307945589
2018-06-12,641.1636577405428
2018-06-13,641.5301700938832
2018-06-14,639.8655650464794
2018-06-15,642.7825780068674
2018-06-16,643.0599975585938
2018-06-17,643.0599975585938
2018-06-18,643.0599975585938
2018-06-19,642.3931708390269
2018-06-20,645.568832467778
2018-06-21,647.0158253301141
2018-06-22,647.9557872654236
2018-06-23,648.0399780273438
2018-06-24,648.0399780273438
2018-06-25,648.8740169117286
2018-06-26,651.6782918869396
2018-06-27,655.413506302179
2018-06-28,659.3909518643745
2018-06-29,661.5563978482891
2018-06-30,661.6599731445312
2018-07-01,661.6599731445312
2018-07-02,661.5746357908586
2018-07-03,664.8023012762201
2018-07-04,665.8729649189883
2018-07-05,662.0291302452789
2018-07-06,663.2697375589166
2018-07-07,663.3599853515625
2018-07-08,663.3599853515625
2018-07-09,663.8975671094335
2018-07-10,662.680798733619
2018-07-11,662.3568397209658
2018-07-12,666.9051257524334
2018-07-13,667.2694523111979
2018-07-14,667.27001953125
2018-07-15,667.27001953125
2018-07-16,667.5629137762662
2018-07-17,668.1757825768512
2018-07-18,669.0818901062012
2018-07-19,670.5064919934599
2018-07-20,676.284169021162
2018-07-21,676.7100219726562
2018-07-22,676.7100219726562
2018-07-23,675.9681144083353
2018-07-24,678.739688546317
2018-07-25,680.2992736164786
2018-07-26,676.8102650482383
2018-07-27,679.2279259857288
2018-07-28,679.4199829101562
2018-07-29,679.4199829101562
2018-07-30,681.1983148748225
2018-07-31,681.6312729330624
2018-08-01,682.8541427047164
2018-08-02,679.6760780432705
2018-08-03,683.0395243554142
2018-08-04,683.219970703125
2018-08-05,683.219970703125
2018-08-06,685.0406867377192
2018-08-07,684.3528737585528
2018-08-08,683.2127576159193
2018-08-09,683.1668005796214
2018-08-10,683.885009765625
2018-08-11,683.9500122070312
2018-08-12,683.9500122070312
2018-08-13,686.0299818250868
2018-08-14,686.9058134896414
2018-08-15,688.4396248220283
2018-08-16,689.4042065051175
2018-08-17,688.9666176142655
2018-08-18,688.9400024414062
2018-08-19,688.9400024414062
2018-08-20,687.3273062684988
2018-08-21,683.9314586498119
2018-08-22,682.7499557886368
2018-08-23,683.5708565090014
2018-08-24,686.7805154837814
2018-08-25,687.0999755859375
2018-08-26,687.0999755859375
2018-08-27,685.2310420241312
2018-08-28,680.9153950421107
2018-08-29,680.6993571802512
2018-08-30,681.0997918379934
2018-08-31,682.3402006132109
2018-09-01,682.4600219726562
2018-09-02,682.4600219726562
2018-09-03,683.3754725762975
2018-09-04,682.0016401423965
2018-09-05,682.5930412046371
2018-09-06,682.2135375976562
2018-09-07,682.124562529743
2018-09-08,682.1199951171875
2018-09-09,682.1199951171875
2018-09-10,683.6946228820008
2018-09-11,684.7455617645641
2018-09-12,685.4023407151027
2018-09-13,684.9321757321635
2018-09-14,683.7318303034856
2018-09-15,683.6199951171875
2018-09-16,683.6199951171875
2018-09-17,684.9857692853778
2018-09-18,685.4756992885044
2018-09-19,685.671480908806
2018-09-20,685.3348105294364
2018-09-21,683.7622273763021
2018-09-22,683.5700073242188
2018-09-23,683.5700073242188
2018-09-24,683.5700073242188
2018-09-25,684.309682417889
2018-09-26,685.5654705179148
2018-09-27,686.3476720739294
2018-09-28,687.7493667964121
2018-09-29,687.9199829101562
2018-09-30,687.9199829101562
2018-10-01,687.9199829101562
2018-10-02,687.9199829101562
2018-10-03,687.9199829101562
2018-10-04,687.9199829101562
2018-10-05,687.9199829101562
2018-10-06,687.9199829101562
2018-10-07,687.9199829101562
2018-10-08,689.4454771797612
2018-10-09,690.1356729723743
2018-10-10,690.679203913762
2018-10-11,690.9403850729695
2018-10-12,691.1833273358819
2018-10-13,691.2000122070312
2018-10-14,691.2000122070312
2018-10-15,691.5025014802227
2018-10-16,691.239605280358
2018-10-17,691.0524816680373
2018-10-18,692.5415187026515
2018-10-19,693.8146867163388
2018-10-20,693.8699951171875
2018-10-21,693.8699951171875
2018-10-22,692.5984079461349
2018-10-23,693.24512626711
2018-10-24,693.5515115113385
2018-10-25,694.0398495322779
2018-10-26,694.9890563612039
2018-10-27,695.0999755859375
2018-10-28,695.0999755859375
2018-10-29,693.9137985641892
2018-10-30,695.6033448676842
2018-10-31,696.3276631972369
2018-11-01,696.6704399506627
2018-11-02,693.8280479029605
2018-11-03,693.7100219726562
2018-11-04,693.7100219726562
2018-11-05,690.1005280593346
2018-11-06,690.6840006510416
2018-11-07,690.6670105573043
2018-11-08,691.5807321218139
2018-11-09,693.1152440121299
2018-11-10,693.2899780273438
2018-11-11,693.2899780273438
2018-11-12,694.6740988198812
2018-11-13,696.1894691634352
2018-11-14,694.455094909668
2018-11-15,693.9347122285996
2018-11-16,693.7798855430201
2018-11-17,693.77001953125
2018-11-18,693.77001953125
2018-11-19,692.5179046579397
2018-11-20,692.7705780798648
2018-11-21,694.2254681131114
2018-11-22,693.9814245251641
2018-11-23,693.2632525900136
2018-11-24,693.0599975585938
2018-11-25,693.0599975585938
2018-11-26,694.3462753295898
2018-11-27,694.6172260485197
2018-11-28,694.9596368963068
2018-11-29,693.7036478838583
2018-11-30,693.5643963730126
2018-12-01,693.5700073242188
2018-12-02,693.5700073242188
2018-12-03,694.2502003679372
2018-12-04,689.708036357459
2018-12-05,685.3475738370479
2018-12-06,685.8713626764752
2018-12-07,686.6076929924897
2018-12-08,686.6400146484375
2018-12-09,686.6400146484375
2018-12-10,686.9114043406951
2018-12-11,689.7562083428217
2018-12-12,690.5734174276135
2018-12-13,687.9397389245412
2018-12-14,687.5257630429026
2018-12-15,687.5
2018-12-16,687.5
2018-12-17,688.901628063571
2018-12-18,688.6191216830549
2018-12-19,688.680000813802
2018-12-20,689.2695582103145
2018-12-21,688.3542527678263
2018-12-22,688.25
2018-12-23,688.25
2018-12-24,689.8616416617616
2018-12-25,689.2935732886905
2018-12-26,688.5059778550092
2018-12-27,688.8787536621094
2018-12-28,686.5792776743571
2018-12-29,686.3200073242188
2018-12-30,686.3200073242188
