date,oneDayBefore,twoDayBefore,threeDayBefore,oneMonthBefore,oneYearBefore,dollorRate,price
2015-01-01,2.36,2.33,2.35,2.45,NULL,611.9515343868371,2.49
2015-01-02,2.49,2.36,2.33,2.42,2.84,611.9000244140625,2.52
2015-01-03,2.52,2.49,2.36,2.36,2.84,611.9000244140625,2.53
2015-01-04,2.53,2.52,2.49,2.29,2.88,611.9000244140625,2.25
2015-01-05,2.25,2.53,2.52,2.36,2.92,611.9000244140625,2.31
2015-01-06,2.31,2.25,2.53,2.41,2.98,612.4527950286865,2.28
2015-01-07,2.28,2.31,2.25,2.38,2.60,612.5507393829093,2.24
2015-01-08,2.24,2.28,2.31,2.45,2.82,612.6666682316707,2.28
2015-01-09,2.28,2.24,2.28,2.30,2.74,612.9784207384125,2.28
2015-01-10,2.28,2.28,2.24,2.24,2.83,612.9656821196934,2.33
2015-01-11,2.33,2.28,2.28,2.32,2.81,612.9600219726562,2.52
2015-01-12,2.52,2.33,2.28,2.42,2.95,612.9600219726562,2.58
2015-01-13,2.58,2.52,2.33,2.27,3.12,612.4046843352141,2.39
2015-01-14,2.39,2.58,2.52,2.34,3.24,611.9991284844016,2.42
2015-01-15,2.42,2.39,2.58,2.45,3.17,612.040556133918,2.34
2015-01-16,2.34,2.42,2.39,2.36,2.86,611.9388559514827,2.44
2015-01-17,2.44,2.34,2.42,2.31,2.88,611.88380623589,2.45
2015-01-18,2.45,2.44,2.34,2.35,2.93,611.8800048828125,2.46
2015-01-19,2.46,2.45,2.44,2.38,2.92,611.8800048828125,2.52
2015-01-20,2.52,2.46,2.45,2.26,2.96,612.2602260973326,2.38
2015-01-21,2.38,2.52,2.46,2.30,2.89,612.2652242909307,2.44
2015-01-22,2.44,2.38,2.52,2.45,2.87,612.6033001443615,2.52
2015-01-23,2.52,2.44,2.38,2.27,2.96,612.5006662222055,2.58
2015-01-24,2.58,2.52,2.44,2.28,3.04,613.2459348722268,2.45
2015-01-25,2.45,2.58,2.52,2.34,3.02,613.4199829101562,2.53
2015-01-26,2.53,2.45,2.58,2.34,3.12,613.4199829101562,2.48
2015-01-27,2.48,2.53,2.45,2.45,3.15,613.782420828683,2.47
2015-01-28,2.47,2.48,2.53,2.35,3.07,613.6637923233992,2.50
2015-01-29,2.50,2.47,2.48,2.35,NULL,612.909462668679,2.44
2015-01-30,2.44,2.50,2.47,2.33,NULL,613.2806986889808,2.49
2015-01-31,2.49,2.44,2.50,2.36,NULL,613.6549579884746,2.55
2015-02-01,2.55,2.49,2.44,2.49,NULL,613.7000122070312,2.51
2015-02-02,2.51,2.55,2.49,2.52,NULL,613.7000122070312,2.35
2015-02-03,2.35,2.51,2.55,2.53,NULL,613.835693359375,2.58
2015-02-04,2.58,2.35,2.51,2.25,NULL,613.7275471590003,2.50
2015-02-05,2.50,2.58,2.35,2.31,NULL,613.2904406505025,2.51
2015-02-06,2.51,2.50,2.58,2.28,NULL,613.5691660288218,2.47
2015-02-07,2.47,2.51,2.50,2.24,3.57,612.8199829101562,2.57
2015-02-08,2.57,2.47,2.51,2.28,3.14,NULL,2.61
2015-02-09,2.61,2.57,2.47,2.28,3.09,NULL,2.64
2015-02-10,2.64,2.61,2.57,2.33,3.24,613.1099853515625,2.62
2015-02-11,2.62,2.64,2.61,2.52,3.28,612.9712475801991,2.51
2015-02-12,2.51,2.62,2.64,2.58,3.12,613.1192533052885,2.65
2015-02-13,2.65,2.51,2.62,2.39,3.06,613.3010896955218,2.63
2015-02-14,2.63,2.65,2.51,2.42,3.21,612.956602705286,2.65
2015-02-15,2.65,2.63,2.65,2.34,3.41,612.8800048828125,2.90
2015-02-16,2.90,2.65,2.63,2.44,3.14,612.8800048828125,2.87
2015-02-17,2.87,2.90,2.65,2.45,3.25,612.7705276076858,2.97
2015-02-18,2.97,2.87,2.90,2.46,3.18,613.1401076898342,3.16
2015-02-19,3.16,2.97,2.87,2.52,3.24,613.2999877929688,NULL
2015-02-20,NULL,3.16,2.97,2.38,3.31,613.2999877929688,NULL
2015-02-21,NULL,NULL,3.16,2.44,3.24,613.2999877929688,NULL
2015-02-22,NULL,NULL,NULL,2.52,3.21,613.2999877929688,NULL
2015-02-23,NULL,NULL,NULL,2.58,3.33,613.2999877929688,NULL
2015-02-24,NULL,NULL,NULL,2.45,3.45,613.2999877929688,NULL
2015-02-25,NULL,NULL,NULL,2.53,NULL,613.2999877929688,3.22
2015-02-26,3.22,NULL,NULL,2.48,3.20,613.6681962446733,NULL
2015-02-27,NULL,3.22,NULL,2.47,3.06,613.8084170692846,2.77
2015-02-28,2.77,NULL,3.22,2.50,3.14,614.3285269388339,2.89
2015-02-28,2.77,NULL,3.22,2.55,3.14,614.3285269388339,2.89
2015-02-28,2.77,NULL,3.22,2.49,3.14,614.3285269388339,2.89
2015-02-28,2.77,NULL,3.22,2.44,3.14,614.3285269388339,2.89
2015-03-01,2.89,2.77,NULL,2.51,3.12,614.75,2.85
2015-03-02,2.85,2.89,2.77,2.35,3.18,614.75,2.96
2015-03-03,2.96,2.85,2.89,2.58,NULL,614.963752746582,2.90
2015-03-04,2.90,2.96,2.85,2.50,3.22,615.3710665021624,2.88
2015-03-05,2.88,2.90,2.96,2.51,3.17,615.287057315602,NULL
2015-03-06,NULL,2.88,2.90,2.47,3.20,615.2754365808823,NULL
2015-03-07,NULL,NULL,2.88,2.57,3.23,615.321195714614,NULL
2015-03-08,NULL,NULL,NULL,2.61,3.45,615.3300170898438,NULL
2015-03-09,NULL,NULL,NULL,2.64,3.13,615.3300170898438,2.68
2015-03-10,2.68,NULL,NULL,2.62,3.15,615.5657217843192,2.72
2015-03-11,2.72,2.68,NULL,2.51,3.08,615.6995660840851,2.68
2015-03-12,2.68,2.72,2.68,2.65,3.00,615.9204211535755,2.66
2015-03-13,2.66,2.68,2.72,2.63,3.15,616.1347955774378,2.59
2015-03-14,2.59,2.66,2.68,2.65,3.06,615.9461955194888,2.63
2015-03-15,2.63,2.59,2.66,2.90,3.21,615.8800048828125,2.76
2015-03-16,2.76,2.63,2.59,2.87,3.27,615.8800048828125,2.66
2015-03-17,2.66,2.76,2.63,2.97,3.24,616.1262864332932,2.59
2015-03-18,2.59,2.66,2.76,3.16,3.21,615.8758790818907,2.59
2015-03-19,2.59,2.59,2.66,NULL,NULL,615.5867331213985,2.59
2015-03-20,2.59,2.59,2.59,NULL,NULL,614.6298595383937,2.55
2015-03-21,2.55,2.59,2.59,NULL,3.20,614.9284081435785,2.60
2015-03-22,2.60,2.55,2.59,NULL,3.19,614.9600219726562,2.52
2015-03-23,2.52,2.60,2.55,NULL,3.19,614.9600219726562,2.56
2015-03-24,2.56,2.52,2.60,NULL,3.25,614.5551676922533,2.56
2015-03-25,2.56,2.56,2.52,3.22,3.24,614.0320035901373,2.30
2015-03-26,2.30,2.56,2.56,NULL,3.10,614.0914045061384,2.35
2015-03-27,2.35,2.30,2.56,2.77,3.19,613.7764846389358,2.55
2015-03-28,2.55,2.35,2.30,2.89,3.25,613.9465220494924,2.52
2015-03-29,2.52,2.55,2.35,NULL,3.22,613.969970703125,2.48
2015-03-30,2.48,2.52,2.55,NULL,3.31,613.969970703125,2.52
2015-03-31,2.52,2.48,2.52,NULL,3.38,614.0158487955729,2.46
2015-04-01,2.46,2.52,2.48,2.85,3.23,614.1966119213639,2.50
2015-04-02,2.50,2.46,2.52,2.96,3.10,614.312268207528,2.37
2015-04-03,2.37,2.50,2.46,2.90,3.21,614.0488940823462,2.35
2015-04-04,2.35,2.37,2.50,2.88,3.25,613.5627462452856,2.50
2015-04-05,2.50,2.35,2.37,NULL,NULL,NULL,2.54
2015-04-06,2.54,2.50,2.35,NULL,3.31,613.47998046875,2.55
2015-04-07,2.55,2.54,2.50,NULL,3.37,613.47998046875,2.79
2015-04-08,2.79,2.55,2.54,NULL,3.12,613.1126950581869,2.49
2015-04-09,2.49,2.79,2.55,2.68,3.22,613.3916753133138,2.48
2015-04-10,2.48,2.49,2.79,2.72,3.39,613.3838514390883,2.47
2015-04-11,2.47,2.48,2.49,2.68,NULL,613.671476522069,2.63
2015-04-12,2.63,2.47,2.48,2.66,3.13,613.7000122070312,2.94
2015-04-13,2.94,2.63,2.47,2.59,2.97,613.7000122070312,2.84
2015-04-14,2.84,2.94,2.63,2.63,2.92,613.9074590155419,2.91
2015-04-15,2.91,2.84,2.94,2.76,3.13,614.0556897250088,2.88
2015-04-16,2.88,2.91,2.84,2.66,3.14,613.4810113592462,2.84
2015-04-17,2.84,2.88,2.91,2.59,3.23,613.0873013414102,2.92
2015-04-18,2.92,2.84,2.88,2.59,NULL,612.7214121424166,3.11
2015-04-19,3.11,2.92,2.84,2.59,NULL,612.6699829101562,3.07
2015-04-20,3.07,3.11,2.92,2.55,3.23,612.6699829101562,3.15
2015-04-21,3.15,3.07,3.11,2.60,3.45,612.5629808948298,2.96
2015-04-22,2.96,3.15,3.07,2.52,3.02,612.771062173134,2.96
2015-04-23,2.96,2.96,3.15,2.56,3.02,612.8882553998162,2.94
2015-04-24,2.94,2.96,2.96,2.56,3.04,612.8215550603094,2.82
2015-04-25,2.82,2.94,2.96,2.30,3.02,612.4699768066406,2.94
2015-04-26,2.94,2.82,2.94,2.35,3.01,612.4099731445312,2.90
2015-04-27,2.90,2.94,2.82,2.55,3.23,612.4099731445312,NULL
2015-04-28,NULL,2.90,2.94,2.52,3.37,612.2250406631571,NULL
2015-04-29,NULL,NULL,2.90,2.48,3.04,612.1020650531522,2.81
2015-04-30,2.81,NULL,NULL,2.52,NULL,611.7490224369237,2.82
2015-04-30,2.81,NULL,NULL,2.46,NULL,611.7490224369237,2.82
2015-05-01,2.82,2.81,NULL,2.50,3.24,611.4086936773256,NULL
2015-05-02,NULL,2.82,2.81,2.37,3.31,611.3699951171875,NULL
2015-05-03,NULL,NULL,2.82,2.35,3.11,611.3699951171875,NULL
2015-05-04,NULL,NULL,NULL,2.50,3.05,611.3699951171875,2.65
2015-05-05,2.65,NULL,NULL,2.54,3.25,611.6097324289007,2.58
2015-05-06,2.58,2.65,NULL,2.55,3.02,611.7837497200935,2.49
2015-05-07,2.49,2.58,2.65,2.79,3.01,611.5906730020853,2.47
2015-05-08,2.47,2.49,2.58,2.49,2.91,611.1795328349967,2.50
2015-05-09,2.50,2.47,2.49,2.48,2.99,611.436675081548,2.50
2015-05-10,2.50,2.50,2.47,2.47,2.79,611.469970703125,2.63
2015-05-11,2.63,2.50,2.50,2.63,NULL,611.469970703125,2.54
2015-05-12,2.54,2.63,2.50,2.94,3.20,611.3420949536701,2.44
2015-05-13,2.44,2.54,2.63,2.84,3.17,611.5289208798008,2.43
2015-05-14,2.43,2.44,2.54,2.91,3.02,611.2663449374112,2.43
2015-05-15,2.43,2.43,2.44,2.88,2.91,610.9720641345513,2.35
2015-05-16,2.35,2.43,2.43,2.84,2.76,610.8571495319235,2.37
2015-05-17,2.37,2.35,2.43,2.92,NULL,610.8499755859375,2.21
2015-05-18,2.21,2.37,2.35,3.11,NULL,610.8499755859375,2.35
2015-05-19,2.35,2.21,2.37,3.07,2.45,610.7984776814778,2.36
2015-05-20,2.36,2.35,2.21,3.15,NULL,610.9564855431997,2.45
2015-05-21,2.45,2.36,2.35,2.96,2.16,611.214111328125,2.26
2015-05-22,2.26,2.45,2.36,2.96,2.00,611.3706509204621,2.23
2015-05-23,2.23,2.26,2.45,2.94,2.19,611.3214285714286,NULL
2015-05-24,NULL,2.23,2.26,2.82,2.13,611.3099975585938,NULL
2015-05-25,NULL,NULL,2.23,2.94,2.09,611.3099975585938,2.54
2015-05-26,2.54,NULL,NULL,2.90,2.12,611.5766095248135,2.24
2015-05-27,2.24,2.54,NULL,NULL,2.05,611.7054274153002,2.24
2015-05-28,2.24,2.24,2.54,NULL,1.98,611.9324518019154,NULL
2015-05-29,NULL,2.24,2.24,2.81,1.95,612.0146361278887,NULL
2015-05-30,NULL,NULL,2.24,2.82,1.86,611.9709892683131,NULL
2015-05-31,NULL,NULL,NULL,NULL,1.80,611.9600219726562,NULL
2015-06-01,NULL,NULL,NULL,NULL,1.80,611.9600219726562,2.28
2015-06-02,2.28,NULL,NULL,NULL,1.85,612.0463908376869,2.33
2015-06-03,2.33,2.28,NULL,NULL,NULL,612.2310534025494,2.33
2015-06-04,2.33,2.33,2.28,2.65,1.78,611.8273366680583,2.35
2015-06-05,2.35,2.33,2.33,2.58,1.77,611.6506651026258,2.32
2015-06-06,2.32,2.35,2.33,2.49,1.75,611.7900685277478,NULL
2015-06-07,NULL,2.32,2.35,2.47,1.74,611.8099975585938,NULL
2015-06-08,NULL,NULL,2.32,2.50,1.74,611.8099975585938,2.29
2015-06-09,2.29,NULL,NULL,2.50,1.68,612.0247256630346,NULL
2015-06-10,NULL,2.29,NULL,2.63,1.73,611.8248007638114,2.37
2015-06-11,2.37,NULL,2.29,2.54,1.76,611.7362739189522,2.37
2015-06-12,2.37,2.37,NULL,2.44,1.76,611.5299974524456,2.38
2015-06-13,2.38,2.37,2.37,2.43,1.77,611.639628819057,2.32
2015-06-14,2.32,2.38,2.37,2.43,1.76,611.6699829101562,2.32
2015-06-15,2.32,2.32,2.38,2.35,1.80,611.6699829101562,2.15
2015-06-16,2.15,2.32,2.32,2.37,1.92,611.6878629495169,2.39
2015-06-17,2.39,2.15,2.32,2.21,1.80,611.5806927597314,2.32
2015-06-18,2.32,2.39,2.15,2.35,1.77,611.5723565549266,2.42
2015-06-19,2.42,2.32,2.39,2.36,NULL,611.2733434041342,2.45
2015-06-20,2.45,2.42,2.32,2.45,1.80,611.0912475585938,2.31
2015-06-21,2.31,2.45,2.42,2.26,1.79,611.0399780273438,2.31
2015-06-22,2.31,2.31,2.45,2.23,1.78,611.0399780273438,2.42
2015-06-23,2.42,2.31,2.31,NULL,1.88,611.0399780273438,2.23
2015-06-24,2.23,2.42,2.31,NULL,1.78,611.1736132197019,2.18
2015-06-25,2.18,2.23,2.42,2.54,1.81,611.3783673967633,2.22
2015-06-26,2.22,2.18,2.23,2.24,1.77,611.4697808837891,2.17
2015-06-27,2.17,2.22,2.18,2.24,1.78,611.3896353585379,2.30
2015-06-28,2.30,2.17,2.22,NULL,1.77,611.3699951171875,2.39
2015-06-29,2.39,2.30,2.17,NULL,1.83,611.3699951171875,2.54
2015-06-30,2.54,2.39,2.30,NULL,1.94,611.5959255412473,2.39
2015-06-30,2.54,2.39,2.30,NULL,1.94,611.5959255412473,2.39
2015-07-01,2.39,2.54,2.39,2.28,1.83,611.4191171397333,2.44
2015-07-02,2.44,2.39,2.54,2.33,1.83,611.4623296210107,NULL
2015-07-03,NULL,2.44,2.39,2.33,1.82,611.6763700597427,2.34
2015-07-04,2.34,NULL,2.44,2.35,1.84,611.6229019165039,2.32
2015-07-05,2.32,2.34,NULL,2.32,1.77,611.5999755859375,2.15
2015-07-06,2.15,2.32,2.34,NULL,1.85,611.5999755859375,2.21
2015-07-07,2.21,2.15,2.32,NULL,1.82,611.7005348742848,2.25
2015-07-08,2.25,2.21,2.15,2.29,1.85,611.6717294229044,2.18
2015-07-09,2.18,2.25,2.21,NULL,1.87,611.7388626570554,2.23
2015-07-10,2.23,2.18,2.25,2.37,1.89,611.5461528732116,2.26
2015-07-11,2.26,2.23,2.18,2.37,1.88,611.5258713942308,2.25
2015-07-12,2.25,2.26,2.23,2.38,1.88,611.530029296875,2.36
2015-07-13,2.36,2.25,2.26,2.32,1.84,611.530029296875,2.45
2015-07-14,2.45,2.36,2.25,2.32,1.87,611.3681146530878,2.20
2015-07-15,2.20,2.45,2.36,2.15,1.93,611.6057957594957,2.31
2015-07-16,2.31,2.20,2.45,2.39,1.94,611.5394062243009,2.25
2015-07-17,2.25,2.31,2.20,2.32,1.96,611.6982216714811,2.24
2015-07-18,2.24,2.25,2.31,2.42,1.98,611.8850399324264,2.11
2015-07-19,2.11,2.24,2.25,2.45,1.99,611.9199829101562,2.17
2015-07-20,2.17,2.11,2.24,2.31,2.04,611.9199829101562,2.21
2015-07-21,2.21,2.17,2.11,2.31,2.15,611.9606706486192,2.16
2015-07-22,2.16,2.21,2.17,2.42,2.09,611.9859478290265,2.17
2015-07-23,2.17,2.16,2.21,2.23,2.02,611.727992297757,2.10
2015-07-24,2.10,2.17,2.16,2.18,2.05,611.7135620117188,2.03
2015-07-25,2.03,2.10,2.17,2.22,2.06,611.6946316850864,2.20
2015-07-26,2.20,2.03,2.10,2.17,2.11,611.6900024414062,2.10
2015-07-27,2.10,2.20,2.03,2.30,2.28,611.6900024414062,2.21
2015-07-28,2.21,2.10,2.20,2.39,2.11,611.7476555319394,2.08
2015-07-29,2.08,2.21,2.10,2.54,2.09,611.5789419809977,2.22
2015-07-30,2.22,2.08,2.21,2.39,2.12,611.5070847137065,2.17
2015-07-31,2.17,2.22,2.08,NULL,2.11,611.6261074784874,2.17
2015-08-01,2.17,2.17,2.22,2.44,2.14,611.7105964581991,2.17
2015-08-02,2.17,2.17,2.17,NULL,2.17,611.719970703125,2.25
2015-08-03,2.25,2.17,2.17,2.34,2.22,611.719970703125,2.32
2015-08-04,2.32,2.25,2.17,2.32,2.17,611.6941564578822,2.14
2015-08-05,2.14,2.32,2.25,2.15,2.21,611.7508487701416,2.15
2015-08-06,2.15,2.14,2.32,2.21,2.18,611.8367357575491,2.21
2015-08-07,2.21,2.15,2.14,2.25,2.24,611.8223540916872,2.26
2015-08-08,2.26,2.21,2.15,2.18,2.20,611.7555474175347,2.14
2015-08-09,2.14,2.26,2.21,2.23,2.19,611.739990234375,2.26
2015-08-10,2.26,2.14,2.26,2.26,2.17,611.739990234375,2.32
2015-08-11,2.32,2.26,2.14,2.25,2.25,611.6449940999349,2.26
2015-08-12,2.26,2.32,2.26,2.36,2.35,622.4266287467541,2.19
2015-08-13,2.19,2.26,2.32,2.45,2.10,632.2716163336897,NULL
2015-08-14,NULL,2.19,2.26,2.20,2.08,639.3991632936228,2.21
2015-08-15,2.21,NULL,2.19,2.31,2.15,639.794677734375,2.08
2015-08-16,2.08,2.21,NULL,2.25,2.09,639.75,2.11
2015-08-17,2.11,2.08,2.21,2.24,2.16,639.75,2.25
2015-08-18,2.25,2.11,2.08,2.11,2.26,639.696263056216,2.25
2015-08-19,2.25,2.25,2.11,2.17,2.19,639.6614145507813,2.14
2015-08-20,2.14,2.25,2.25,2.21,2.24,639.6347559486948,2.15
2015-08-21,2.15,2.14,2.25,2.16,2.19,639.1865141573008,2.08
2015-08-22,2.08,2.15,2.14,2.17,2.21,638.6949387770433,2.12
2015-08-23,2.12,2.08,2.15,2.10,2.31,638.6400146484375,2.02
2015-08-24,2.02,2.12,2.08,2.03,2.09,638.6400146484375,2.21
2015-08-25,2.21,2.02,2.12,2.20,2.13,638.6212621761274,NULL
2015-08-26,NULL,2.21,2.02,2.10,2.26,639.8062696269914,1.97
2015-08-27,1.97,NULL,2.21,2.21,2.09,640.3844426351301,1.98
2015-08-28,1.98,1.97,NULL,2.08,2.10,640.8149770100912,2.11
2015-08-29,2.11,1.98,1.97,2.22,2.10,639.9489732377984,2.02
2015-08-30,2.02,2.11,1.98,2.17,2.21,639.8599853515625,1.98
2015-08-31,1.98,2.02,2.11,2.17,2.05,639.8599853515625,1.99
2015-09-01,1.99,1.98,2.02,2.17,2.16,639.028752959935,1.95
2015-09-02,1.95,1.99,1.98,2.25,2.03,637.9358237326683,1.92
2015-09-03,1.92,1.95,1.99,2.32,2.03,636.3170265454925,1.94
2015-09-04,1.94,1.92,1.95,2.14,1.99,636.1900024414062,1.86
2015-09-05,1.86,1.94,1.92,2.15,2.01,636.1900024414062,1.91
2015-09-06,1.91,1.86,1.94,2.21,2.03,636.1900024414062,1.92
2015-09-07,1.92,1.91,1.86,2.26,2.08,636.1900024414062,2.02
2015-09-08,2.02,1.92,1.91,2.14,2.09,635.8764826456705,2.08
2015-09-09,2.08,2.02,1.92,2.26,2.44,636.3787904077647,2.00
2015-09-10,2.00,2.08,2.02,2.32,2.05,636.324293486926,2.05
2015-09-11,2.05,2.00,2.08,2.26,1.95,637.625672651696,1.90
2015-09-12,1.90,2.05,2.00,2.19,NULL,637.2264377593995,1.83
2015-09-13,1.83,1.90,2.05,NULL,1.97,637.1900024414062,1.86
2015-09-14,1.86,1.83,1.90,2.21,1.96,637.1900024414062,1.96
2015-09-15,1.96,1.86,1.83,2.08,2.02,637.0966918945312,1.87
2015-09-16,1.87,1.96,1.86,2.11,1.98,636.6936282596073,1.90
2015-09-17,1.90,1.87,1.96,2.25,2.02,637.0380736184776,1.86
2015-09-18,1.86,1.90,1.87,2.25,1.92,636.7628442959523,1.85
2015-09-19,1.85,1.86,1.90,2.14,1.94,636.0890983812736,1.84
2015-09-20,1.84,1.85,1.86,2.15,2.03,636.0700073242188,1.76
2015-09-21,1.76,1.84,1.85,2.08,1.94,636.0700073242188,1.78
2015-09-22,1.78,1.76,1.84,2.12,1.96,636.6378854397124,1.73
2015-09-23,1.73,1.78,1.76,2.02,1.93,637.1515788288859,1.72
2015-09-24,1.72,1.73,1.78,2.21,1.88,637.6762891023055,1.78
2015-09-25,1.78,1.72,1.73,NULL,1.76,637.881234818146,1.76
2015-09-26,1.76,1.78,1.72,1.97,1.90,637.8570123366368,1.72
2015-09-27,1.72,1.76,1.78,1.98,1.88,637.8499755859375,1.74
2015-09-28,1.74,1.72,1.76,2.11,1.89,637.8499755859375,1.82
2015-09-29,1.82,1.74,1.72,2.02,1.96,637.371823824369,1.88
2015-09-30,1.88,1.82,1.74,1.98,1.90,636.6631130642361,1.77
2015-09-30,1.88,1.82,1.74,1.99,1.90,636.6631130642361,1.77
2015-10-01,1.77,1.88,1.82,1.95,1.85,636.1834974831681,1.80
2015-10-02,1.80,1.77,1.88,1.92,2.08,636.1300048828125,1.76
2015-10-03,1.76,1.80,1.77,1.94,2.19,636.1300048828125,1.77
2015-10-04,1.77,1.76,1.80,1.86,2.01,636.1300048828125,1.83
2015-10-05,1.83,1.77,1.76,1.91,1.86,636.1300048828125,1.84
2015-10-06,1.84,1.83,1.77,1.92,1.79,636.1300048828125,1.91
2015-10-07,1.91,1.84,1.83,2.02,1.92,636.1300048828125,1.81
2015-10-08,1.81,1.91,1.84,2.08,1.86,636.1300048828125,1.83
2015-10-09,1.83,1.81,1.91,2.00,1.99,635.0911313011533,1.78
2015-10-10,1.78,1.83,1.81,2.05,1.87,634.9444365324797,1.79
2015-10-11,1.79,1.78,1.83,1.90,NULL,634.9299926757812,1.81
2015-10-12,1.81,1.79,1.78,1.83,1.93,634.9299926757812,1.87
2015-10-13,1.87,1.81,1.79,1.86,2.02,634.0988366263254,1.75
2015-10-14,1.75,1.87,1.81,1.96,1.78,632.4710405033791,1.77
2015-10-15,1.77,1.75,1.87,1.87,1.87,633.8954138258483,1.80
2015-10-16,1.80,1.77,1.75,1.90,1.95,634.0296049400195,1.82
2015-10-17,1.82,1.80,1.77,1.86,1.86,634.3161860740989,1.81
2015-10-18,1.81,1.82,1.80,1.85,1.76,634.3599853515625,1.85
2015-10-19,1.85,1.81,1.82,1.84,2.03,634.3599853515625,1.97
2015-10-20,1.97,1.85,1.81,1.76,2.14,635.1620493743379,1.83
2015-10-21,1.83,1.97,1.85,1.78,1.97,636.0353949824466,1.80
2015-10-22,1.80,1.83,1.97,1.73,2.06,634.8899843472961,1.73
2015-10-23,1.73,1.80,1.83,1.72,2.01,634.9377572488464,1.87
2015-10-24,1.87,1.73,1.80,1.78,2.09,635.8448100116967,1.93
2015-10-25,1.93,1.87,1.73,1.76,2.15,635.9500122070312,1.90
2015-10-26,1.90,1.93,1.87,1.72,2.16,635.9500122070312,1.96
2015-10-27,1.96,1.90,1.93,1.74,2.31,635.5457504734849,1.92
2015-10-28,1.92,1.96,1.90,1.82,2.18,634.9993148504519,1.98
2015-10-29,1.98,1.92,1.96,1.88,2.21,635.3186233982896,1.94
2015-10-30,1.94,1.98,1.92,1.77,2.13,635.8966640685657,2.00
2015-10-31,2.00,1.94,1.98,NULL,2.20,635.0017056202325,1.96
2015-11-01,1.96,2.00,1.94,1.80,2.33,634.9500122070312,1.99
2015-11-02,1.99,1.96,2.00,1.76,NULL,634.9500122070312,2.15
2015-11-03,2.15,1.99,1.96,1.77,2.35,631.7500749199311,1.97
2015-11-04,1.97,2.15,1.99,1.83,2.27,633.0219757080079,1.97
2015-11-05,1.97,1.97,2.15,1.84,2.23,633.3814607508042,1.99
2015-11-06,1.99,1.97,1.97,1.91,2.27,633.7494872269357,1.95
2015-11-07,1.95,1.99,1.97,1.81,2.32,634.4878161200162,1.97
2015-11-08,1.97,1.95,1.99,1.83,2.24,634.5900268554688,2.05
2015-11-09,2.05,1.97,1.95,1.78,2.39,634.5900268554688,2.28
2015-11-10,2.28,2.05,1.97,1.79,2.25,635.7642676751345,2.06
2015-11-11,2.06,2.28,2.05,1.81,2.29,635.9967061941965,2.12
2015-11-12,2.12,2.06,2.28,1.87,2.32,636.1235637049521,1.95
2015-11-13,1.95,2.12,2.06,1.75,2.30,636.25732421875,1.99
2015-11-14,1.99,1.95,2.12,1.77,2.22,636.51733152328,1.97
2015-11-15,1.97,1.99,1.95,1.80,2.29,636.5499877929688,2.02
2015-11-16,2.02,1.97,1.99,1.82,2.34,636.5499877929688,2.12
2015-11-17,2.12,2.02,1.97,1.81,2.37,637.3716199720228,2.03
2015-11-18,2.03,2.12,2.02,1.85,2.29,637.4117403030396,2.02
2015-11-19,2.02,2.03,2.12,1.97,2.31,637.902452130184,2.12
2015-11-20,2.12,2.02,2.03,1.83,2.34,637.9153355189732,2.06
2015-11-21,2.06,2.12,2.02,1.80,2.25,637.810986328125,2.12
2015-11-22,2.12,2.06,2.12,1.73,2.31,637.7999877929688,2.09
2015-11-23,2.09,2.12,2.06,1.87,2.36,637.7999877929688,2.12
2015-11-24,2.12,2.09,2.12,1.93,2.45,638.5981484509389,2.08
2015-11-25,2.08,2.12,2.09,1.90,2.36,638.852825568704,2.13
2015-11-26,2.13,2.08,2.12,1.96,2.37,638.7960375714046,2.06
2015-11-27,2.06,2.13,2.08,1.92,2.42,638.9091284615653,2.15
2015-11-28,2.15,2.06,2.13,1.98,2.38,639.1204136439732,2.08
2015-11-29,2.08,2.15,2.06,1.94,2.34,639.1500244140625,2.13
2015-11-30,2.13,2.08,2.15,2.00,2.37,639.1500244140625,2.12
2015-11-30,2.13,2.08,2.15,1.96,2.37,639.1500244140625,2.12
2015-12-01,2.12,2.13,2.08,1.99,2.45,639.5380234829215,2.15
2015-12-02,2.15,2.12,2.13,2.15,2.42,639.6946765287423,2.16
2015-12-03,2.16,2.15,2.12,1.97,2.36,639.6263694069602,2.07
2015-12-04,2.07,2.16,2.15,1.97,2.29,639.7663252981085,2.16
2015-12-05,2.16,2.07,2.16,1.99,2.36,638.5384879734205,2.13
2015-12-06,2.13,2.16,2.07,1.95,2.41,638.510009765625,2.23
2015-12-07,2.23,2.13,2.16,1.97,2.38,638.510009765625,2.24
2015-12-08,2.24,2.23,2.13,2.05,2.45,639.6438269981971,2.19
2015-12-09,2.19,2.24,2.23,2.28,2.30,640.6190584622897,2.14
2015-12-10,2.14,2.19,2.24,2.06,2.24,641.3070251464844,2.26
2015-12-11,2.26,2.14,2.19,2.12,2.32,642.2423127205141,2.20
2015-12-12,2.20,2.26,2.14,1.95,2.42,643.3766784667969,2.35
2015-12-13,2.35,2.20,2.26,1.99,2.27,643.5800170898438,2.18
2015-12-14,2.18,2.35,2.20,1.97,2.34,643.5800170898438,2.21
2015-12-15,2.21,2.18,2.35,2.02,2.45,644.6514235276443,2.20
2015-12-16,2.20,2.21,2.18,2.12,2.36,645.4842853048573,2.20
2015-12-17,2.20,2.20,2.21,2.03,2.31,646.1900985054348,2.24
2015-12-18,2.24,2.20,2.20,2.02,2.35,647.538056164253,2.21
2015-12-19,2.21,2.24,2.20,2.12,2.38,648.0526748165007,2.17
2015-12-20,2.17,2.21,2.24,2.06,2.26,648.1400146484375,2.30
2015-12-21,2.30,2.17,2.21,2.12,2.30,648.1400146484375,2.45
2015-12-22,2.45,2.30,2.17,2.09,2.45,647.6846734705106,2.28
2015-12-23,2.28,2.45,2.30,2.12,2.27,647.4759327281605,2.27
2015-12-24,2.27,2.28,2.45,2.08,2.28,647.3395105580814,2.20
2015-12-25,2.20,2.27,2.28,2.13,2.34,647.5035380701864,2.21
2015-12-26,2.21,2.20,2.27,2.06,2.34,647.2412824060162,2.31
2015-12-27,2.31,2.21,2.20,2.15,2.45,647.1300048828125,2.35
2015-12-28,2.35,2.31,2.21,2.08,2.35,647.1300048828125,2.45
2015-12-29,2.45,2.35,2.31,2.13,2.35,647.4279230291194,2.24
2015-12-30,2.24,2.45,2.35,2.12,2.33,648.4551474081503,2.27
2015-12-31,2.27,2.24,2.45,NULL,2.36,648.8890290807506,2.32
2016-01-01,2.32,2.27,2.24,2.15,2.49,649.2524514120133,2.31
2016-01-02,2.31,2.32,2.27,2.16,2.52,649.3599853515625,2.37
2016-01-03,2.37,2.31,2.32,2.07,2.53,649.3599853515625,2.32
2016-01-04,2.32,2.37,2.31,2.16,2.25,649.3599853515625,2.25
2016-01-05,2.25,2.32,2.37,2.13,2.31,650.233656141493,2.35
2016-01-06,2.35,2.25,2.32,2.23,2.28,651.4304244192023,2.25
2016-01-07,2.25,2.35,2.25,2.24,2.24,652.9966994884402,2.31
2016-01-08,2.31,2.25,2.35,2.19,2.28,656.1896141362945,2.26
2016-01-09,2.26,2.31,2.25,2.14,2.28,656.3778490339007,2.33
2016-01-10,2.33,2.26,2.31,2.26,2.33,656.3599853515625,2.30
2016-01-11,2.30,2.33,2.26,2.20,2.52,656.3599853515625,2.42
2016-01-12,2.42,2.30,2.33,2.35,2.58,656.2702262488594,2.31
2016-01-13,2.31,2.42,2.30,2.18,2.39,656.2775653545673,2.31
2016-01-14,2.31,2.31,2.42,2.21,2.42,656.2974705051731,2.27
2016-01-15,2.27,2.31,2.31,2.20,2.34,656.1812553710937,2.32
2016-01-16,2.32,2.27,2.31,2.20,2.44,656.32549893654,2.26
2016-01-17,2.26,2.32,2.27,2.24,2.45,656.3699951171875,2.30
2016-01-18,2.30,2.26,2.32,2.21,2.46,656.3699951171875,2.45
2016-01-19,2.45,2.30,2.26,2.17,2.52,655.9445906014278,2.29
2016-01-20,2.29,2.45,2.30,2.30,2.38,655.9544106901978,2.34
2016-01-21,2.34,2.29,2.45,2.45,2.44,655.7972459876019,2.33
2016-01-22,2.33,2.34,2.29,2.28,2.52,655.841163455032,2.33
2016-01-23,2.33,2.33,2.34,2.27,2.58,655.739067465572,2.44
2016-01-24,2.44,2.33,2.33,2.20,2.45,655.719970703125,2.43
2016-01-25,2.43,2.44,2.33,2.21,2.53,655.719970703125,2.45
2016-01-26,2.45,2.43,2.44,2.31,2.48,655.5961637275163,2.37
2016-01-27,2.37,2.45,2.43,2.35,2.47,655.4968605041504,2.36
2016-01-28,2.36,2.37,2.45,2.45,2.50,655.3586617801966,2.39
2016-01-29,2.39,2.36,2.37,2.24,2.44,655.2899106047875,2.41
2016-01-30,2.41,2.39,2.36,2.27,2.49,655.1736380724403,2.43
2016-01-31,2.43,2.41,2.39,2.32,2.55,655.1599731445312,2.56
2016-02-01,2.56,2.43,2.41,2.31,2.51,655.1599731445312,2.58
2016-02-02,2.58,2.56,2.43,2.37,2.35,655.3479338855278,2.42
2016-02-03,2.42,2.58,2.56,2.32,2.58,655.1634216308594,2.57
2016-02-04,2.57,2.42,2.58,2.25,2.50,655.1914993135056,2.70
2016-02-05,2.70,2.57,2.42,2.35,2.51,654.3233896108774,2.83
2016-02-06,2.83,2.70,2.57,2.25,2.47,653.4263749556108,2.92
2016-02-07,2.92,2.83,2.70,2.31,2.57,653.1400146484375,2.93
2016-02-08,2.93,2.92,2.83,2.26,2.61,653.1400146484375,2.93
2016-02-09,2.93,2.93,2.92,2.33,2.64,653.1400146484375,NULL
2016-02-10,NULL,2.93,2.93,2.30,2.62,653.1400146484375,NULL
2016-02-11,NULL,NULL,2.93,2.42,2.51,653.1400146484375,NULL
2016-02-12,NULL,NULL,NULL,2.31,2.65,653.1400146484375,NULL
2016-02-13,NULL,NULL,NULL,2.31,2.63,653.1400146484375,NULL
2016-02-14,NULL,NULL,NULL,2.27,2.65,653.1400146484375,2.80
2016-02-15,2.80,NULL,NULL,2.32,2.90,653.1400146484375,2.86
2016-02-16,2.86,2.80,NULL,2.26,2.87,651.3560425535647,2.92
2016-02-17,2.92,2.86,2.80,2.30,2.97,651.2882235657935,2.87
2016-02-18,2.87,2.92,2.86,2.45,3.16,652.2240850275213,2.95
2016-02-19,2.95,2.87,2.92,2.29,NULL,651.659567761777,3.02
2016-02-20,3.02,2.95,2.87,2.34,NULL,651.8071751270479,2.94
2016-02-21,2.94,3.02,2.95,2.33,NULL,651.8599853515625,3.12
2016-02-22,3.12,2.94,3.02,2.33,NULL,651.8599853515625,3.05
2016-02-23,3.05,3.12,2.94,2.44,NULL,651.6783975137247,2.96
2016-02-24,2.96,3.05,3.12,2.43,NULL,652.5706426901895,3.02
2016-02-25,3.02,2.96,3.05,2.45,3.22,652.9688361672794,2.82
2016-02-26,2.82,3.02,2.96,2.37,NULL,653.1595705722241,2.84
2016-02-27,2.84,2.82,3.02,2.36,2.77,653.3268101468999,3.08
2016-02-28,3.08,2.84,2.82,2.39,2.89,653.3800048828125,3.12
2016-02-29,3.12,3.08,2.84,2.43,NULL,653.3800048828125,2.98
2016-02-29,3.12,3.08,2.84,2.41,NULL,653.3800048828125,2.98
2016-02-29,3.12,3.08,2.84,2.56,NULL,653.3800048828125,2.98
2016-03-01,2.98,3.12,3.08,2.58,2.85,654.1662218817349,3.00
2016-03-02,3.00,2.98,3.12,2.42,2.96,653.9300895359205,3.08
2016-03-03,3.08,3.00,2.98,2.57,2.90,654.7519406049679,3.10
2016-03-04,3.10,3.08,3.00,2.70,2.88,654.2369995117188,3.10
2016-03-05,3.10,3.10,3.08,2.83,NULL,652.9475051064528,3.21
2016-03-06,3.21,3.10,3.10,2.92,NULL,652.8400268554688,3.18
2016-03-07,3.18,3.21,3.10,2.93,NULL,652.8400268554688,3.19
2016-03-08,3.19,3.18,3.21,2.93,NULL,651.3902256177819,3.15
2016-03-09,3.15,3.19,3.18,NULL,2.68,650.5642656598773,3.27
2016-03-10,3.27,3.15,3.19,NULL,2.72,650.8728693181819,3.19
2016-03-11,3.19,3.27,3.15,NULL,2.68,651.2390689247533,3.35
2016-03-12,3.35,3.19,3.27,NULL,2.66,649.0869883219401,3.22
2016-03-13,3.22,3.35,3.19,NULL,2.59,649.0499877929688,3.33
2016-03-14,3.33,3.22,3.35,2.80,2.63,649.0499877929688,3.27
2016-03-15,3.27,3.33,3.22,2.86,2.76,649.1156018066406,3.33
2016-03-16,3.33,3.27,3.33,2.92,2.66,650.5618901143547,3.40
2016-03-17,3.40,3.33,3.27,2.87,2.59,651.5665698493879,3.46
2016-03-18,3.46,3.40,3.33,2.95,2.59,649.6510889623072,3.51
2016-03-19,3.51,3.46,3.40,3.02,2.59,646.7764202615489,NULL
2016-03-20,NULL,3.51,3.46,2.94,2.55,646.280029296875,3.68
2016-03-21,3.68,NULL,3.51,3.12,2.60,646.280029296875,3.75
2016-03-22,3.75,3.68,NULL,3.05,2.52,647.9413295200893,3.75
2016-03-23,3.75,3.75,3.68,2.96,2.56,649.5215563651843,3.67
2016-03-24,3.67,3.75,3.75,3.02,2.56,649.3983764648438,3.68
2016-03-25,3.68,3.67,3.75,2.82,2.30,651.2127497116192,3.72
2016-03-26,3.72,3.68,3.67,2.84,2.35,652.1285942925347,NULL
2016-03-27,NULL,3.72,3.68,3.08,2.55,652.22998046875,NULL
2016-03-28,NULL,NULL,3.72,3.12,2.52,652.22998046875,3.87
2016-03-29,3.87,NULL,NULL,2.98,2.48,652.311261858259,3.88
2016-03-30,3.88,3.87,NULL,NULL,2.52,651.0299835205078,3.81
2016-03-31,3.81,3.88,3.87,NULL,2.46,648.6929509880838,4.06
2016-04-01,4.06,3.81,3.88,3.00,2.50,646.3401853121244,3.99
2016-04-02,3.99,4.06,3.81,3.08,2.37,645.8862807329963,4.07
2016-04-03,4.07,3.99,4.06,3.10,2.35,645.8499755859375,4.19
2016-04-04,4.19,4.07,3.99,3.10,2.50,645.8499755859375,4.14
2016-04-05,4.14,4.19,4.07,3.21,2.54,645.8499755859375,3.95
2016-04-06,3.95,4.14,4.19,3.18,2.55,646.5074288504464,3.75
2016-04-07,3.75,3.95,4.14,3.19,2.79,647.4471236248405,3.98
2016-04-08,3.98,3.75,3.95,3.15,2.49,647.1207427978516,3.99
2016-04-09,3.99,3.98,3.75,3.27,2.48,647.3040161132812,4.21
2016-04-10,4.21,3.99,3.98,3.19,2.47,647.3300170898438,4.31
2016-04-11,4.31,4.21,3.99,3.35,2.63,647.3300170898438,4.32
2016-04-12,4.32,4.31,4.21,3.22,2.94,646.6011048977967,4.28
2016-04-13,4.28,4.32,4.31,3.33,2.84,646.1971000671386,4.16
2016-04-14,4.16,4.28,4.32,3.27,2.91,645.9348269457008,4.16
2016-04-15,4.16,4.16,4.28,3.33,2.88,648.5528302873884,4.32
2016-04-16,4.32,4.16,4.16,3.40,2.84,649.0606161027947,4.30
2016-04-17,4.30,4.32,4.16,3.46,2.92,649.0800170898438,4.42
2016-04-18,4.42,4.30,4.32,3.51,3.11,649.0800170898438,4.33
2016-04-19,4.33,4.42,4.30,NULL,3.07,647.9845534104568,4.23
2016-04-20,4.23,4.33,4.42,3.68,3.15,647.100611680219,4.28
2016-04-21,4.28,4.23,4.33,3.75,2.96,645.9642211914063,4.50
2016-04-22,4.50,4.28,4.23,3.75,2.96,647.7204287149073,4.40
2016-04-23,4.40,4.50,4.28,3.67,2.94,648.8874527572037,4.31
2016-04-24,4.31,4.40,4.50,3.68,2.82,648.97998046875,4.53
2016-04-25,4.53,4.31,4.40,3.72,2.94,648.97998046875,4.34
2016-04-26,4.34,4.53,4.31,NULL,2.90,650.8953019684436,4.32
2016-04-27,4.32,4.34,4.53,NULL,NULL,649.0553924225189,4.34
2016-04-28,4.34,4.32,4.34,3.87,NULL,648.4275154744772,4.34
2016-04-29,4.34,4.34,4.32,3.88,2.81,649.4490467130829,4.40
2016-04-30,4.40,4.34,4.34,3.81,2.82,646.5871986646331,4.38
2016-04-30,4.40,4.34,4.34,4.06,2.82,646.5871986646331,4.38
2016-05-01,4.38,4.40,4.34,3.99,NULL,645.8900146484375,4.61
2016-05-02,4.61,4.38,4.40,4.07,NULL,645.8900146484375,4.33
2016-05-03,4.33,4.61,4.38,4.19,NULL,645.8900146484375,4.38
2016-05-04,4.38,4.33,4.61,4.14,2.65,645.6704491148604,4.40
2016-05-05,4.40,4.38,4.33,3.95,2.58,649.0939954969618,4.23
2016-05-06,4.23,4.40,4.38,3.75,2.49,651.068951293126,3.95
2016-05-07,3.95,4.23,4.40,3.98,2.47,651.9579224486451,3.98
2016-05-08,3.98,3.95,4.23,3.99,2.50,652.02001953125,3.74
2016-05-09,3.74,3.98,3.95,4.21,2.50,652.02001953125,3.49
2016-05-10,3.49,3.74,3.98,4.31,2.63,651.1005102793375,3.38
2016-05-11,3.38,3.49,3.74,4.32,2.54,652.2305329475996,NULL
2016-05-12,NULL,3.38,3.49,4.28,2.44,652.1094480305048,3.22
2016-05-13,3.22,NULL,3.38,4.16,2.43,649.8101526416323,3.28
2016-05-14,3.28,3.22,NULL,4.16,2.43,652.2161661783854,3.30
2016-05-15,3.30,3.28,3.22,4.32,2.35,652.4600219726562,3.30
2016-05-16,3.30,3.30,3.28,4.30,2.37,652.4600219726562,3.29
2016-05-17,3.29,3.30,3.30,4.42,2.21,653.3126575100806,3.33
2016-05-18,3.33,3.29,3.30,4.33,2.35,652.1519367218018,3.35
2016-05-19,3.35,3.33,3.29,4.23,2.36,652.1395510409741,3.32
2016-05-20,3.32,3.35,3.33,4.28,2.45,654.8852751656865,3.30
2016-05-21,3.30,3.32,3.35,4.50,2.26,655.1312946520353,3.31
2016-05-22,3.31,3.30,3.32,4.40,2.23,655.0999755859375,3.29
2016-05-23,3.29,3.31,3.30,4.31,NULL,655.0999755859375,3.34
2016-05-24,3.34,3.29,3.31,4.53,NULL,654.6041532574278,3.33
2016-05-25,3.33,3.34,3.29,4.34,2.54,654.6636141078678,3.30
2016-05-26,3.30,3.33,3.34,4.32,2.24,656.7400576108462,3.22
2016-05-27,3.22,3.30,3.33,4.34,2.24,655.7369384765625,3.18
2016-05-28,3.18,3.22,3.30,4.34,NULL,655.0033569335938,3.13
2016-05-29,3.13,3.18,3.22,4.40,NULL,654.9000244140625,3.04
2016-05-30,3.04,3.13,3.18,4.38,NULL,654.9000244140625,3.04
2016-05-31,3.04,3.04,3.13,NULL,NULL,657.4553536388362,3.06
2016-06-01,3.06,3.04,3.04,4.61,2.28,657.8939869238895,2.97
2016-06-02,2.97,3.06,3.04,4.33,2.33,658.7753842002467,2.93
2016-06-03,2.93,2.97,3.06,4.38,2.33,657.1243154620597,2.84
2016-06-04,2.84,2.93,2.97,4.40,2.35,657.8279105292427,2.57
2016-06-05,2.57,2.84,2.93,4.23,2.32,657.9299926757812,2.46
2016-06-06,2.46,2.57,2.84,3.95,NULL,657.9299926757812,2.31
2016-06-07,2.31,2.46,2.57,3.98,NULL,655.233735037322,2.18
2016-06-08,2.18,2.31,2.46,3.74,2.29,656.0732260311352,2.21
2016-06-09,2.21,2.18,2.31,3.49,NULL,655.9716593424479,2.25
2016-06-10,2.25,2.21,2.18,3.38,2.37,655.9299926757812,2.14
2016-06-11,2.14,2.25,2.21,NULL,2.37,655.9299926757812,1.91
2016-06-12,1.91,2.14,2.25,3.22,2.38,655.9299926757812,1.96
2016-06-13,1.96,1.91,2.14,3.28,2.32,655.9299926757812,1.90
2016-06-14,1.90,1.96,1.91,3.30,2.32,657.8367338462695,1.93
2016-06-15,1.93,1.90,1.96,3.30,2.15,657.9246151992699,1.84
2016-06-16,1.84,1.93,1.90,3.29,2.39,659.7903980928309,1.80
2016-06-17,1.80,1.84,1.93,3.33,2.32,657.6269291005236,1.88
2016-06-18,1.88,1.80,1.84,3.35,2.42,657.8249366101879,1.92
2016-06-19,1.92,1.88,1.80,3.32,2.45,657.9500122070312,1.78
2016-06-20,1.78,1.92,1.88,3.30,2.31,657.9500122070312,1.81
2016-06-21,1.81,1.78,1.92,3.31,2.31,657.2055387734181,1.62
2016-06-22,1.62,1.81,1.78,3.29,2.42,656.6259701856926,1.63
2016-06-23,1.63,1.62,1.81,3.34,2.23,659.046402847211,1.50
2016-06-24,1.50,1.63,1.62,3.33,2.18,656.8068671390928,1.63
2016-06-25,1.63,1.50,1.63,3.30,2.22,657.7087057362432,1.82
2016-06-26,1.82,1.63,1.50,3.22,2.17,657.760009765625,1.81
2016-06-27,1.81,1.82,1.63,3.18,2.30,657.760009765625,1.78
2016-06-28,1.78,1.81,1.82,3.13,2.39,662.7568409974093,1.84
2016-06-29,1.84,1.78,1.81,3.04,2.54,665.1525268554688,1.92
2016-06-30,1.92,1.84,1.78,3.06,2.39,663.4541379812673,1.82
2016-06-30,1.92,1.84,1.78,3.04,2.39,663.4541379812673,1.82
2016-07-01,1.82,1.92,1.84,2.97,2.44,663.1275966178238,1.76
2016-07-02,1.76,1.82,1.92,2.93,NULL,664.7686591796875,1.83
2016-07-03,1.83,1.76,1.82,2.84,2.34,664.9600219726562,1.79
2016-07-04,1.79,1.83,1.76,2.57,2.32,664.9600219726562,1.78
2016-07-05,1.78,1.79,1.83,2.46,2.15,664.7633534626789,1.74
2016-07-06,1.74,1.78,1.79,2.31,2.21,665.810605135831,1.70
2016-07-07,1.70,1.74,1.78,2.18,2.25,668.3371423085531,1.67
2016-07-08,1.67,1.70,1.74,2.21,2.18,668.2417017977002,1.68
2016-07-09,1.68,1.67,1.70,2.25,2.23,668.466564471905,1.63
2016-07-10,1.63,1.68,1.67,2.14,2.26,668.530029296875,1.64
2016-07-11,1.64,1.63,1.68,1.91,2.25,668.530029296875,1.65
2016-07-12,1.65,1.64,1.63,1.96,2.36,668.4449235147505,1.60
2016-07-13,1.60,1.65,1.64,1.90,2.45,669.3770629882813,1.61
2016-07-14,1.61,1.60,1.65,1.93,2.20,669.0094158729811,1.63
2016-07-15,1.63,1.61,1.60,1.84,2.31,668.5169435064477,1.63
2016-07-16,1.63,1.63,1.61,1.80,2.25,668.1140556335449,1.68
2016-07-17,1.68,1.63,1.63,1.88,2.24,668.0499877929688,1.66
2016-07-18,1.66,1.68,1.63,1.92,2.11,668.0499877929688,1.60
2016-07-19,1.60,1.66,1.68,1.78,2.17,669.4495284598214,1.70
2016-07-20,1.70,1.60,1.66,1.81,2.21,669.6984531117134,1.72
2016-07-21,1.72,1.70,1.60,1.62,2.16,669.4772633519666,1.73
2016-07-22,1.73,1.72,1.70,1.63,2.17,668.7787598226672,1.62
2016-07-23,1.62,1.73,1.72,1.50,2.10,667.0049975165006,1.51
2016-07-24,1.51,1.62,1.73,1.63,2.03,666.6900024414062,1.64
2016-07-25,1.64,1.51,1.62,1.82,2.20,666.6900024414062,1.64
2016-07-26,1.64,1.64,1.51,1.81,2.10,668.3612289428711,1.59
2016-07-27,1.59,1.64,1.64,1.78,2.21,667.87908321099,1.60
2016-07-28,1.60,1.59,1.64,1.84,2.08,666.8127910376942,1.65
2016-07-29,1.65,1.60,1.59,1.92,2.22,666.0765380859375,1.67
2016-07-30,1.67,1.65,1.60,1.82,2.17,665.1849218344787,1.70
2016-07-31,1.70,1.67,1.65,NULL,2.17,665.1099853515625,1.73
2016-08-01,1.73,1.70,1.67,1.76,2.17,665.1099853515625,1.71
2016-08-02,1.71,1.73,1.70,1.83,2.25,663.0684044345113,1.75
2016-08-03,1.75,1.71,1.73,1.79,2.32,664.3625529661017,1.74
2016-08-04,1.74,1.75,1.71,1.78,2.14,662.2740625309038,1.73
2016-08-05,1.73,1.74,1.75,1.74,2.15,664.1678723611467,1.71
2016-08-06,1.71,1.73,1.74,1.70,2.21,664.0977463880122,1.86
2016-08-07,1.86,1.71,1.73,1.67,2.26,664.0599975585938,1.74
2016-08-08,1.74,1.86,1.71,1.68,2.14,664.0599975585938,1.76
2016-08-09,1.76,1.74,1.86,1.63,2.26,665.9177992078993,1.73
2016-08-10,1.73,1.76,1.74,1.64,2.32,665.9660051618304,1.85
2016-08-11,1.85,1.73,1.76,1.65,2.26,665.3733652685858,1.89
2016-08-12,1.89,1.85,1.73,1.60,2.19,662.8192185621995,1.82
2016-08-13,1.82,1.89,1.85,1.61,NULL,665.184885877244,1.80
2016-08-14,1.80,1.82,1.89,1.63,2.21,665.4299926757812,1.79
2016-08-15,1.79,1.80,1.82,1.63,2.08,665.4299926757812,1.75
2016-08-16,1.75,1.79,1.80,1.68,2.11,664.4599884843404,1.77
2016-08-17,1.77,1.75,1.79,1.66,2.25,663.1680433485243,1.75
2016-08-18,1.75,1.77,1.75,1.60,2.25,660.9873839421059,1.73
2016-08-19,1.73,1.75,1.77,1.70,2.14,662.5093042405986,1.78
2016-08-20,1.78,1.73,1.75,1.72,2.15,662.1831308429161,1.88
2016-08-21,1.88,1.78,1.73,1.73,2.08,662.1099853515625,1.94
2016-08-22,1.94,1.88,1.78,1.62,2.12,662.1099853515625,1.87
2016-08-23,1.87,1.94,1.88,1.51,2.02,665.9920576928367,1.93
2016-08-24,1.93,1.87,1.94,1.64,2.21,665.9123051340987,1.81
2016-08-25,1.81,1.93,1.87,1.64,NULL,664.3660095214843,1.79
2016-08-26,1.79,1.81,1.93,1.59,1.97,665.7851798765121,1.80
2016-08-27,1.80,1.79,1.81,1.60,1.98,664.9788061523437,1.89
2016-08-28,1.89,1.80,1.79,1.65,2.11,664.8800048828125,1.90
2016-08-29,1.90,1.89,1.80,1.67,2.02,664.8800048828125,1.88
2016-08-30,1.88,1.90,1.89,1.70,1.98,668.1948074457299,1.89
2016-08-31,1.89,1.88,1.90,1.73,1.99,668.198732396176,1.82
2016-09-01,1.82,1.89,1.88,1.71,1.95,668.9150133132935,1.79
2016-09-02,1.79,1.82,1.89,1.75,1.92,668.0913762273016,1.72
2016-09-03,1.72,1.79,1.82,1.74,1.94,667.356183429097,1.77
2016-09-04,1.77,1.72,1.79,1.73,1.86,667.27001953125,1.77
2016-09-05,1.77,1.77,1.72,1.71,1.91,667.27001953125,1.72
2016-09-06,1.72,1.77,1.77,1.86,1.92,668.56494140625,1.67
2016-09-07,1.67,1.72,1.77,1.74,2.02,666.9455867159194,1.72
2016-09-08,1.72,1.67,1.72,1.76,2.08,665.6769131747159,1.69
2016-09-09,1.69,1.72,1.67,1.73,2.00,666.138301028481,1.75
2016-09-10,1.75,1.69,1.72,1.85,2.05,666.7896014589252,1.66
2016-09-11,1.66,1.75,1.69,1.89,1.90,666.8400268554688,1.71
2016-09-12,1.71,1.66,1.75,1.82,1.83,666.8400268554688,1.70
2016-09-13,1.70,1.71,1.66,1.80,1.86,668.7801758773684,1.67
2016-09-14,1.67,1.70,1.71,1.79,1.96,667.5600109729138,1.63
2016-09-15,1.63,1.67,1.70,1.75,1.87,668.74988033897,1.69
2016-09-16,1.69,1.63,1.67,1.77,1.90,668.9500122070312,NULL
2016-09-17,NULL,1.69,1.63,1.75,1.86,668.9500122070312,1.64
2016-09-18,1.64,NULL,1.69,1.73,1.85,668.9500122070312,1.68
2016-09-19,1.68,1.64,NULL,1.78,1.84,668.9500122070312,1.65
2016-09-20,1.65,1.68,1.64,1.88,1.76,668.0229800215392,1.63
2016-09-21,1.63,1.65,1.68,1.94,1.78,666.1236461292614,1.69
2016-09-22,1.69,1.63,1.65,1.87,1.73,667.270005446214,1.70
2016-09-23,1.70,1.69,1.63,1.93,1.72,665.5050048828125,1.73
2016-09-24,1.73,1.70,1.69,1.81,1.78,666.4597049635283,1.69
2016-09-25,1.69,1.73,1.70,1.79,1.76,666.7000122070312,1.78
2016-09-26,1.78,1.69,1.73,1.80,1.72,666.7000122070312,1.70
2016-09-27,1.70,1.78,1.69,1.89,1.74,667.3301029016476,1.73
2016-09-28,1.73,1.70,1.78,1.90,1.82,666.5845957610567,1.75
2016-09-29,1.75,1.73,1.70,1.88,1.88,666.7561551607572,1.80
2016-09-30,1.80,1.75,1.73,1.82,1.77,666.9749302334255,1.78
2016-09-30,1.80,1.75,1.73,1.89,1.77,666.9749302334255,1.78
2016-10-01,1.78,1.80,1.75,1.79,1.80,667.6585876099364,1.78
2016-10-02,1.78,1.78,1.80,1.72,1.76,667.780029296875,1.71
2016-10-03,1.71,1.78,1.78,1.77,1.77,667.780029296875,1.79
2016-10-04,1.79,1.71,1.78,1.77,1.83,667.780029296875,1.82
2016-10-05,1.82,1.79,1.71,1.72,1.84,667.780029296875,1.79
2016-10-06,1.79,1.82,1.79,1.67,1.91,667.780029296875,NULL
2016-10-07,NULL,1.79,1.82,1.72,1.81,667.780029296875,NULL
2016-10-08,NULL,NULL,1.79,1.69,1.83,667.780029296875,1.82
2016-10-09,1.82,NULL,NULL,1.75,1.78,667.780029296875,1.85
2016-10-10,1.85,1.82,NULL,1.66,1.79,667.780029296875,1.97
2016-10-11,1.97,1.85,1.82,1.71,1.81,669.7903889973958,1.99
2016-10-12,1.99,1.97,1.85,1.70,1.87,670.8786600883433,NULL
2016-10-13,NULL,1.99,1.97,1.67,1.75,672.3947496916119,NULL
2016-10-14,NULL,NULL,1.99,1.63,1.77,672.9152008839143,NULL
2016-10-15,NULL,NULL,NULL,1.69,1.80,671.8032312585203,NULL
2016-10-16,NULL,NULL,NULL,NULL,1.82,671.5700073242188,NULL
2016-10-17,NULL,NULL,NULL,1.64,1.81,671.5700073242188,2.02
2016-10-18,2.02,NULL,NULL,1.68,1.85,673.4635117474725,1.94
2016-10-19,1.94,2.02,NULL,1.65,1.97,673.1256519848148,2.00
2016-10-20,2.00,1.94,2.02,1.63,1.83,673.2312622070312,1.98
2016-10-21,1.98,2.00,1.94,1.69,1.80,673.1336734169408,2.01
2016-10-22,2.01,1.98,2.00,1.70,1.73,675.3093286801691,2.06
2016-10-23,2.06,2.01,1.98,1.73,1.87,675.5800170898438,2.06
2016-10-24,2.06,2.06,2.01,1.69,1.93,675.5800170898438,2.09
2016-10-25,2.09,2.06,2.06,1.78,1.90,676.7377284315766,NULL
2016-10-26,NULL,2.09,2.06,1.70,1.96,677.3770050048828,2.09
2016-10-27,2.09,NULL,2.09,1.73,1.92,677.0901035853794,2.11
2016-10-28,2.11,2.09,NULL,1.75,1.98,677.3263422056687,2.15
2016-10-29,2.15,2.11,2.09,1.80,1.94,678.4506197842685,2.21
2016-10-30,2.21,2.15,2.11,1.78,2.00,678.5800170898438,2.25
2016-10-31,2.25,2.21,2.15,NULL,1.96,678.5800170898438,2.25
2016-11-01,2.25,2.25,2.21,1.78,1.99,676.9223446316189,2.26
2016-11-02,2.26,2.25,2.25,1.71,2.15,677.2117435849946,2.25
2016-11-03,2.25,2.26,2.25,1.79,1.97,675.8657139369419,2.28
2016-11-04,2.28,2.25,2.26,1.82,1.97,674.9736302869073,2.28
2016-11-05,2.28,2.28,2.25,1.79,1.99,675.088646157274,2.26
2016-11-06,2.26,2.28,2.28,NULL,1.95,675.1400146484375,2.32
2016-11-07,2.32,2.26,2.28,NULL,1.97,675.1400146484375,2.28
2016-11-08,2.28,2.32,2.26,1.82,2.05,676.8983357747396,2.30
2016-11-09,2.30,2.28,2.32,1.85,2.28,678.0349395471975,2.27
2016-11-10,2.27,2.30,2.28,1.97,2.06,678.3096409539572,2.31
2016-11-11,2.31,2.27,2.30,1.99,2.12,678.785011734501,2.34
2016-11-12,2.34,2.31,2.27,NULL,1.95,680.9409290660511,2.34
2016-11-13,2.34,2.34,2.31,NULL,1.99,681.1500244140625,2.44
2016-11-14,2.44,2.34,2.34,NULL,1.97,681.1500244140625,2.44
2016-11-15,2.44,2.44,2.34,NULL,2.02,682.7057202027576,2.38
2016-11-16,2.38,2.44,2.44,NULL,2.12,684.7593543507228,2.35
2016-11-17,2.35,2.38,2.44,2.02,2.03,685.8122083875868,2.37
2016-11-18,2.37,2.35,2.38,1.94,2.02,686.7853675255409,2.36
2016-11-19,2.36,2.37,2.35,2.00,2.12,687.7402954101562,2.43
2016-11-20,2.43,2.36,2.37,1.98,2.06,687.9600219726562,2.45
2016-11-21,2.45,2.43,2.36,2.01,2.12,687.9600219726562,2.46
2016-11-22,2.46,2.45,2.43,2.06,2.09,689.7318534851074,2.40
2016-11-23,2.40,2.46,2.45,2.06,2.12,688.1783382228164,2.44
2016-11-24,2.44,2.40,2.46,2.09,2.08,688.8332111100506,2.48
2016-11-25,2.48,2.44,2.40,NULL,2.13,690.5671634674072,2.36
2016-11-26,2.36,2.48,2.44,2.09,2.06,691.5332493228807,2.48
2016-11-27,2.48,2.36,2.48,2.11,2.15,691.6799926757812,2.48
2016-11-28,2.48,2.48,2.36,2.15,2.08,691.6799926757812,2.44
2016-11-29,2.44,2.48,2.48,2.21,2.13,690.6261663263494,2.41
2016-11-30,2.41,2.44,2.48,2.25,2.12,689.142901964424,2.42
2016-11-30,2.41,2.44,2.48,2.25,2.12,689.142901964424,2.42
2016-12-01,2.42,2.41,2.44,2.26,2.15,688.6863020076308,2.44
2016-12-02,2.44,2.42,2.41,2.25,2.16,689.410927512429,2.45
2016-12-03,2.45,2.44,2.42,2.28,2.07,688.2544093947337,2.39
2016-12-04,2.39,2.45,2.44,2.28,2.16,687.9400024414062,2.48
2016-12-05,2.48,2.39,2.45,2.26,2.13,687.9400024414062,2.42
2016-12-06,2.42,2.48,2.39,2.32,2.23,688.6150111148232,2.43
2016-12-07,2.43,2.42,2.48,2.28,2.24,686.0847531582447,2.36
2016-12-08,2.36,2.43,2.42,2.30,2.19,687.8156179874501,2.42
2016-12-09,2.42,2.36,2.43,2.27,2.14,687.3745243349555,2.29
2016-12-10,2.29,2.42,2.36,2.31,2.26,689.4212137017369,2.29
2016-12-11,2.29,2.29,2.42,2.34,2.20,689.719970703125,2.48
2016-12-12,2.48,2.29,2.29,2.34,2.35,689.719970703125,2.41
2016-12-13,2.41,2.48,2.29,2.44,2.18,690.7138296274038,2.42
2016-12-14,2.42,2.41,2.48,2.44,2.21,689.5640207391036,2.31
2016-12-15,2.31,2.42,2.41,2.38,2.20,690.1426443246695,2.50
2016-12-16,2.50,2.31,2.42,2.35,2.20,692.569490131579,2.38
2016-12-17,2.38,2.50,2.31,2.37,2.24,694.7542316026924,2.41
2016-12-18,2.41,2.38,2.50,2.36,2.21,695.0800170898438,2.44
2016-12-19,2.44,2.41,2.38,2.43,2.17,695.0800170898438,2.38
2016-12-20,2.38,2.44,2.41,2.45,2.30,693.4204364414633,2.40
2016-12-21,2.40,2.38,2.44,2.46,2.45,694.4524930318197,2.33
2016-12-22,2.33,2.40,2.38,2.40,2.28,694.8553508277079,2.42
2016-12-23,2.42,2.33,2.40,2.44,2.27,694.4355263285117,2.40
2016-12-24,2.40,2.42,2.33,2.48,2.20,694.5787319129621,2.35
2016-12-25,2.35,2.40,2.42,2.36,2.21,694.6300048828125,2.41
2016-12-26,2.41,2.35,2.40,2.48,2.31,694.6300048828125,2.35
2016-12-27,2.35,2.41,2.35,2.48,2.35,694.5982274764623,2.46
2016-12-28,2.46,2.35,2.41,2.44,2.45,694.6121087325247,2.50
2016-12-29,2.50,2.46,2.35,2.41,2.24,694.8831168509819,2.48
2016-12-30,2.48,2.50,2.46,2.42,2.27,694.9656938825335,2.50
2016-12-31,2.50,2.48,2.50,NULL,2.32,693.9980636908084,2.57
2017-01-01,2.57,2.50,2.48,2.44,2.31,693.7000122070312,2.66
2017-01-02,2.66,2.57,2.50,2.45,2.37,693.7000122070312,2.61
2017-01-03,2.61,2.66,2.57,2.39,2.32,693.7000122070312,2.45
2017-01-04,2.45,2.61,2.66,2.48,2.25,694.7533194224039,2.42
2017-01-05,2.42,2.45,2.61,2.42,2.35,695.2176797556323,2.45
2017-01-06,2.45,2.42,2.45,2.43,2.25,693.2785789853051,2.52
2017-01-07,2.52,2.45,2.42,2.36,2.31,687.2801597974577,2.53
2017-01-08,2.53,2.52,2.45,2.42,2.26,686.6799926757812,2.53
2017-01-09,2.53,2.53,2.52,2.29,2.33,686.6799926757812,2.50
2017-01-10,2.50,2.53,2.53,2.29,2.30,691.9972529257498,2.55
2017-01-11,2.55,2.50,2.53,2.48,2.42,692.3670582738416,2.52
2017-01-12,2.52,2.55,2.50,2.41,2.31,692.3489807128906,2.50
2017-01-13,2.50,2.52,2.55,2.42,2.31,691.4873851102941,2.54
2017-01-14,2.54,2.50,2.52,2.31,2.27,689.3163630787919,2.51
2017-01-15,2.51,2.54,2.50,2.50,2.32,689.0900268554688,2.63
2017-01-16,2.63,2.51,2.54,2.38,2.26,689.0900268554688,2.52
2017-01-17,2.52,2.63,2.51,2.41,2.30,688.7886064317491,2.51
2017-01-18,2.51,2.52,2.63,2.44,2.45,689.8462333679199,2.52
2017-01-19,2.52,2.51,2.52,2.38,2.29,685.6412027568717,2.49
2017-01-20,2.49,2.52,2.51,2.40,2.34,685.6485297970655,2.53
2017-01-21,2.53,2.49,2.52,2.33,2.33,686.8157069614955,2.54
2017-01-22,2.54,2.53,2.49,2.42,2.33,686.9299926757812,2.54
2017-01-23,2.54,2.54,2.53,2.40,2.44,686.9299926757812,2.65
2017-01-24,2.65,2.54,2.54,2.35,2.43,685.7943295952994,2.58
2017-01-25,2.58,2.65,2.54,2.41,2.45,683.5709500646894,2.77
2017-01-26,2.77,2.58,2.65,2.35,2.37,685.5635616272453,2.87
2017-01-27,2.87,2.77,2.58,2.46,2.36,685.8924750786323,NULL
2017-01-28,NULL,2.87,2.77,2.50,2.39,685.8800048828125,NULL
2017-01-29,NULL,NULL,2.87,2.48,2.41,685.8800048828125,NULL
2017-01-30,NULL,NULL,NULL,2.50,2.43,685.8800048828125,NULL
2017-01-31,NULL,NULL,NULL,2.57,2.56,685.8800048828125,NULL
2017-02-01,NULL,NULL,NULL,2.66,2.58,685.8800048828125,NULL
2017-02-02,NULL,NULL,NULL,2.61,2.42,685.8800048828125,NULL
2017-02-03,NULL,NULL,NULL,2.45,2.57,685.8800048828125,2.62
2017-02-04,2.62,NULL,NULL,2.42,2.70,685.6049424075009,2.58
2017-02-05,2.58,2.62,NULL,2.45,2.83,685.5599975585938,2.64
2017-02-06,2.64,2.58,2.62,2.52,2.92,685.5599975585938,2.61
2017-02-07,2.61,2.64,2.58,2.53,2.93,686.0170527733177,2.50
2017-02-08,2.50,2.61,2.64,2.53,2.93,686.0423553466796,2.51
2017-02-09,2.51,2.50,2.61,2.50,NULL,688.2722113715278,2.50
2017-02-10,2.50,2.51,2.50,2.55,NULL,687.210881010015,2.54
2017-02-11,2.54,2.50,2.51,2.52,NULL,688.0613657317547,2.58
2017-02-12,2.58,2.54,2.50,2.50,NULL,688.1900024414062,2.54
2017-02-13,2.54,2.58,2.54,2.54,NULL,688.1900024414062,2.53
2017-02-14,2.53,2.54,2.58,2.51,2.80,688.9097601996527,2.43
2017-02-15,2.43,2.53,2.54,2.63,2.86,688.1273133812881,2.49
2017-02-16,2.49,2.43,2.53,2.52,2.92,686.4496960373399,2.61
2017-02-17,2.61,2.49,2.43,2.51,2.87,686.2935408252781,2.46
2017-02-18,2.46,2.61,2.49,2.52,2.95,684.7122358398437,2.54
2017-02-19,2.54,2.46,2.61,2.49,3.02,684.5599975585938,2.51
2017-02-20,2.51,2.54,2.46,2.53,2.94,684.5599975585938,2.45
2017-02-21,2.45,2.51,2.54,2.54,3.12,687.155205909242,2.46
2017-02-22,2.46,2.45,2.51,2.54,3.05,687.8477986653646,2.49
2017-02-23,2.49,2.46,2.45,2.65,2.96,688.2699153584646,2.43
2017-02-24,2.43,2.49,2.46,2.58,3.02,687.085009765625,2.46
2017-02-25,2.46,2.43,2.49,2.77,2.82,686.5739892578125,2.42
2017-02-26,2.42,2.46,2.43,2.87,2.84,686.5499877929688,2.50
2017-02-27,2.50,2.42,2.46,NULL,3.08,686.5499877929688,2.43
2017-02-28,2.43,2.50,2.42,NULL,3.12,687.9006557669691,2.40
2017-02-28,2.43,2.50,2.42,NULL,2.98,687.9006557669691,2.40
2017-02-28,2.43,2.50,2.42,NULL,3.12,687.9006557669691,2.40
2017-02-28,2.43,2.50,2.42,NULL,2.98,687.9006557669691,2.40
2017-02-28,2.43,2.50,2.42,NULL,2.98,687.9006557669691,2.40
2017-02-28,2.43,2.50,2.42,NULL,3.12,687.9006557669691,2.40
2017-02-28,2.43,2.50,2.42,NULL,2.98,687.9006557669691,2.40
2017-02-28,2.43,2.50,2.42,NULL,3.12,687.9006557669691,2.40
2017-03-01,2.40,2.43,2.50,NULL,3.00,687.5792399088542,2.37
2017-03-02,2.37,2.40,2.43,NULL,3.08,687.9139281106651,2.42
2017-03-03,2.42,2.37,2.40,2.62,3.10,688.0725194757634,2.44
2017-03-04,2.44,2.42,2.37,2.58,3.10,688.8512725830078,2.41
2017-03-05,2.41,2.44,2.42,2.64,3.21,688.9600219726562,2.49
2017-03-06,2.49,2.41,2.44,2.61,3.18,688.9600219726562,2.40
2017-03-07,2.40,2.49,2.41,2.50,3.19,688.0000241837412,2.47
2017-03-08,2.47,2.40,2.49,2.51,3.15,689.3821342468261,2.46
2017-03-09,2.46,2.47,2.40,2.50,3.27,690.2279020610608,2.41
2017-03-10,2.41,2.46,2.47,2.54,3.19,691.1597768299615,2.43
2017-03-11,2.43,2.41,2.46,2.58,3.35,691.2313454367898,2.42
2017-03-12,2.42,2.43,2.41,2.54,3.22,691.22998046875,NULL
2017-03-13,NULL,2.42,2.43,2.53,3.33,691.22998046875,2.45
2017-03-14,2.45,NULL,2.42,2.43,3.27,690.0864717371323,2.51
2017-03-15,2.51,2.45,NULL,2.49,3.33,691.002099609375,2.49
2017-03-16,2.49,2.51,2.45,2.61,3.40,691.1550752446892,2.53
2017-03-17,2.53,2.49,2.51,2.46,3.46,689.005523390997,2.43
2017-03-18,2.43,2.53,2.49,2.54,3.51,688.7168300462806,2.53
2017-03-19,2.53,2.43,2.53,2.51,NULL,688.72998046875,2.52
2017-03-20,2.52,2.53,2.43,2.45,3.68,688.72998046875,2.51
2017-03-21,2.51,2.52,2.53,2.46,3.75,689.8033500339674,2.50
2017-03-22,2.50,2.51,2.52,2.49,3.75,690.6224169921875,2.56
2017-03-23,2.56,2.50,2.51,2.43,3.67,689.0282430528085,2.64
2017-03-24,2.64,2.56,2.50,2.46,3.68,688.5920141419368,2.61
2017-03-25,2.61,2.64,2.56,2.42,3.72,688.4608440977154,2.67
2017-03-26,2.67,2.61,2.64,2.50,NULL,688.4500122070312,2.70
2017-03-27,2.70,2.67,2.61,2.43,NULL,688.4500122070312,2.60
2017-03-28,2.60,2.70,2.67,2.40,3.87,687.2345973023581,2.71
2017-03-29,2.71,2.60,2.70,NULL,3.88,687.724713493796,2.62
2017-03-30,2.62,2.71,2.60,NULL,3.81,688.9584117824749,2.68
2017-03-31,2.68,2.62,2.71,NULL,4.06,688.9321783942145,2.80
2017-04-01,2.80,2.68,2.62,2.37,3.99,689.747728485422,NULL
2017-04-02,NULL,2.80,2.68,2.42,4.07,689.9299926757812,2.99
2017-04-03,2.99,NULL,2.80,2.44,4.19,689.9299926757812,2.77
2017-04-04,2.77,2.99,NULL,2.41,4.14,689.9299926757812,2.80
2017-04-05,2.80,2.77,2.99,2.49,3.95,689.9299926757812,2.83
2017-04-06,2.83,2.80,2.77,2.40,3.75,689.1477952309705,2.93
2017-04-07,2.93,2.83,2.80,2.47,3.98,689.2799886067709,2.84
2017-04-08,2.84,2.93,2.83,2.46,3.99,689.4690340827493,2.94
2017-04-09,2.94,2.84,2.93,2.41,4.21,689.489990234375,3.07
2017-04-10,3.07,2.94,2.84,2.43,4.31,689.489990234375,2.97
2017-04-11,2.97,3.07,2.94,2.42,4.32,690.2750489866579,2.98
2017-04-12,2.98,2.97,3.07,NULL,4.28,689.7136651697293,3.05
2017-04-13,3.05,2.98,2.97,2.45,4.16,689.4266482433641,2.94
2017-04-14,2.94,3.05,2.98,2.51,4.16,686.8395728395697,2.92
2017-04-15,2.92,2.94,3.05,2.49,4.32,687.222021484375,2.85
2017-04-16,2.85,2.92,2.94,2.53,4.30,687.4000244140625,2.88
2017-04-17,2.88,2.85,2.92,2.43,4.42,687.4000244140625,2.82
2017-04-18,2.82,2.88,2.85,2.53,4.33,687.7851177593609,2.73
2017-04-19,2.73,2.82,2.88,2.52,4.23,688.4155699264171,2.70
2017-04-20,2.70,2.73,2.82,2.51,4.28,686.9330800877939,2.78
2017-04-21,2.78,2.70,2.73,2.50,4.50,687.7548257150958,2.60
2017-04-22,2.60,2.78,2.70,2.56,4.40,688.1969479420146,2.65
2017-04-23,2.65,2.60,2.78,2.64,4.31,688.22998046875,2.63
2017-04-24,2.63,2.65,2.60,2.61,4.53,688.22998046875,2.57
2017-04-25,2.57,2.63,2.65,2.67,4.34,686.9568712250525,2.45
2017-04-26,2.45,2.57,2.63,2.70,4.32,688.1155791921714,2.41
2017-04-27,2.41,2.45,2.57,2.60,4.34,688.4366794162327,2.34
2017-04-28,2.34,2.41,2.45,2.71,4.34,688.9140060539532,2.42
2017-04-29,2.42,2.34,2.41,2.62,4.40,689.2551821053746,2.45
2017-04-30,2.45,2.42,2.34,2.80,4.38,689.3099975585938,2.51
2017-04-30,2.45,2.42,2.34,2.68,4.38,689.3099975585938,2.51
2017-05-01,2.51,2.45,2.42,NULL,4.61,689.3099975585938,2.61
2017-05-02,2.61,2.51,2.45,2.99,4.33,689.3099975585938,2.61
2017-05-03,2.61,2.61,2.51,2.77,4.38,689.5183308919271,2.42
2017-05-04,2.42,2.61,2.61,2.80,4.40,689.0095849609374,2.55
2017-05-05,2.55,2.42,2.61,2.83,4.23,689.4470297323691,2.50
2017-05-06,2.50,2.55,2.42,2.93,3.95,688.9456819233142,2.53
2017-05-07,2.53,2.50,2.55,2.84,3.98,688.8400268554688,2.54
2017-05-08,2.54,2.53,2.50,2.94,3.74,688.8400268554688,2.51
2017-05-09,2.51,2.54,2.53,3.07,3.49,689.3513930376838,2.53
2017-05-10,2.53,2.51,2.54,2.97,3.38,690.1927175810843,2.35
2017-05-11,2.35,2.53,2.51,2.98,NULL,690.6123648116837,2.39
2017-05-12,2.39,2.35,2.53,3.05,3.22,690.5322265625,2.35
2017-05-13,2.35,2.39,2.35,2.94,3.28,689.6230400933159,2.31
2017-05-14,2.31,2.35,2.39,2.92,3.30,689.47998046875,2.33
2017-05-15,2.33,2.31,2.35,2.85,3.30,689.47998046875,NULL
2017-05-16,NULL,2.33,2.31,2.88,3.29,688.6500142415365,2.21
2017-05-17,2.21,NULL,2.33,2.82,3.33,687.9707256116366,2.24
2017-05-18,2.24,2.21,NULL,2.73,3.35,686.497060511234,2.21
2017-05-19,2.21,2.24,2.21,2.70,3.32,686.1453319484905,2.13
2017-05-20,2.13,2.21,2.24,2.78,3.30,687.6726017878606,2.20
2017-05-21,2.20,2.13,2.21,2.60,3.31,687.8599853515625,2.17
2017-05-22,2.17,2.20,2.13,2.65,3.29,687.8599853515625,2.12
2017-05-23,2.12,2.17,2.20,2.63,3.34,686.8736251572432,2.08
2017-05-24,2.08,2.12,2.17,2.57,3.33,686.627928546656,2.10
2017-05-25,2.10,2.08,2.12,2.45,3.30,687.3670832936357,1.98
2017-05-26,1.98,2.10,2.08,2.41,3.22,687.0348205566406,1.92
2017-05-27,1.92,1.98,2.10,2.34,3.18,686.9771172590316,1.90
2017-05-28,1.90,1.92,1.98,2.42,3.13,686.97998046875,1.89
2017-05-29,1.89,1.90,1.92,2.45,3.04,686.97998046875,1.81
2017-05-30,1.81,1.89,1.90,2.51,3.04,686.97998046875,1.74
2017-05-31,1.74,1.81,1.89,NULL,3.06,686.97998046875,1.52
2017-06-01,1.52,1.74,1.81,2.61,2.97,686.371827599598,1.46
2017-06-02,1.46,1.52,1.74,2.61,2.93,681.5073262264854,NULL
2017-06-03,NULL,1.46,1.52,2.42,2.84,680.7241516113281,1.39
2017-06-04,1.39,NULL,1.46,2.55,2.57,680.7000122070312,1.31
2017-06-05,1.31,1.39,NULL,2.50,2.46,680.7000122070312,1.44
2017-06-06,1.44,1.31,1.39,2.53,2.31,679.4823321174173,1.41
2017-06-07,1.41,1.44,1.31,2.54,2.18,679.3419810703823,1.34
2017-06-08,1.34,1.41,1.44,2.51,2.21,678.667710524339,1.44
2017-06-09,1.44,1.34,1.41,2.53,2.25,679.19275811378,1.40
2017-06-10,1.40,1.44,1.34,2.35,2.14,679.6558220523527,1.36
2017-06-11,1.36,1.40,1.44,2.39,1.91,679.7100219726562,1.48
2017-06-12,1.48,1.36,1.40,2.35,1.96,679.7100219726562,1.41
2017-06-13,1.41,1.48,1.36,2.31,1.90,679.5268407751013,1.36
2017-06-14,1.36,1.41,1.48,2.33,1.93,679.5332493291837,1.35
2017-06-15,1.35,1.36,1.41,NULL,1.84,679.4169311523438,1.33
2017-06-16,1.33,1.35,1.36,2.21,1.80,678.6522587890624,1.40
2017-06-17,1.40,1.33,1.35,2.24,1.88,679.7854087335601,1.40
2017-06-18,1.40,1.40,1.33,2.21,1.92,679.9500122070312,1.35
2017-06-19,1.35,1.40,1.40,2.13,1.78,679.9500122070312,1.32
2017-06-20,1.32,1.35,1.40,2.20,1.81,679.7387922807173,1.43
2017-06-21,1.43,1.32,1.35,2.17,1.62,680.8681663230614,1.33
2017-06-22,1.33,1.43,1.32,2.12,1.63,681.8096313476562,1.26
2017-06-23,1.26,1.33,1.43,2.08,1.50,681.9634358332708,1.37
2017-06-24,1.37,1.26,1.33,2.10,1.63,682.3326932466947,1.41
2017-06-25,1.41,1.37,1.26,1.98,1.82,682.3800048828125,1.46
2017-06-26,1.46,1.41,1.37,1.92,1.81,682.3800048828125,1.61
2017-06-27,1.61,1.46,1.41,1.90,1.78,682.2254657167377,1.53
2017-06-28,1.53,1.61,1.46,1.89,1.84,682.8380350252477,1.53
2017-06-29,1.53,1.53,1.61,1.81,1.92,680.6852210899452,1.52
2017-06-30,1.52,1.53,1.53,1.52,1.82,679.5562039507114,1.55
2017-06-30,1.52,1.53,1.53,1.74,1.82,679.5562039507114,1.55
2017-07-01,1.55,1.52,1.53,1.46,1.76,677.676783619311,1.55
2017-07-02,1.55,1.55,1.52,NULL,1.83,677.4400024414062,1.55
2017-07-03,1.55,1.55,1.55,1.39,1.79,677.4400024414062,1.54
2017-07-04,1.54,1.55,1.55,1.31,1.78,677.6849746704102,1.54
2017-07-05,1.54,1.54,1.55,1.44,1.74,678.6865287449049,1.59
2017-07-06,1.59,1.54,1.54,1.41,1.70,679.1669420514788,1.56
2017-07-07,1.56,1.59,1.54,1.34,1.67,679.4793466421274,1.61
2017-07-08,1.61,1.56,1.59,1.44,1.68,679.1976689877717,NULL
2017-07-09,NULL,1.61,1.56,1.40,1.63,679.1400146484375,1.57
2017-07-10,1.57,NULL,1.61,1.36,1.64,679.1400146484375,1.55
2017-07-11,1.55,1.57,NULL,1.48,1.65,679.5251497835726,1.53
2017-07-12,1.53,1.55,1.57,1.41,1.60,679.7998947515721,1.54
2017-07-13,1.54,1.53,1.55,1.36,1.61,678.8530051982508,1.50
2017-07-14,1.50,1.54,1.53,1.35,1.63,678.1134119573629,1.52
2017-07-15,1.52,1.50,1.54,1.33,1.63,677.7912151057545,1.50
2017-07-16,1.50,1.52,1.50,1.40,1.68,677.739990234375,1.50
2017-07-17,1.50,1.50,1.52,1.40,1.66,677.739990234375,1.59
2017-07-18,1.59,1.50,1.50,1.35,1.60,675.9497721354167,1.59
2017-07-19,1.59,1.59,1.50,1.32,1.70,676.0492785968612,1.62
2017-07-20,1.62,1.59,1.59,1.43,1.72,674.7820056152344,1.61
2017-07-21,1.61,1.62,1.59,1.33,1.73,674.6225350003283,1.59
2017-07-22,1.59,1.61,1.62,1.26,1.62,674.2257960997906,1.63
2017-07-23,1.63,1.59,1.61,1.37,1.51,674.1500244140625,1.63
2017-07-24,1.63,1.63,1.59,1.41,1.64,674.1500244140625,1.63
2017-07-25,1.63,1.63,1.63,1.46,1.64,674.1038254957932,1.57
2017-07-26,1.57,1.63,1.63,1.61,1.59,674.7905696453435,1.61
2017-07-27,1.61,1.57,1.63,1.53,1.60,675.2096297554348,1.58
2017-07-28,1.58,1.61,1.57,1.53,1.65,673.3213247623083,NULL
2017-07-29,NULL,1.58,1.61,1.52,1.67,673.6307363868656,1.58
2017-07-30,1.58,NULL,1.58,1.55,1.70,673.72998046875,1.61
2017-07-31,1.61,1.58,NULL,NULL,1.73,673.72998046875,NULL
2017-08-01,NULL,1.61,1.58,1.55,1.71,672.9224790808273,1.65
2017-08-02,1.65,NULL,1.61,1.55,1.75,671.6523255693152,1.66
2017-08-03,1.66,1.65,NULL,1.54,1.74,671.9660332258358,1.74
2017-08-04,1.74,1.66,1.65,1.54,1.73,672.1040228612675,1.74
2017-08-05,1.74,1.74,1.66,1.59,1.71,671.408437700414,1.84
2017-08-06,1.84,1.74,1.74,1.56,1.86,671.3200073242188,1.78
2017-08-07,1.78,1.84,1.74,1.61,1.74,671.3200073242188,1.77
2017-08-08,1.77,1.78,1.84,NULL,1.76,672.1417210465771,1.78
2017-08-09,1.78,1.77,1.78,1.57,1.73,671.8875091333183,1.78
2017-08-10,1.78,1.78,1.77,1.55,1.85,670.8892812093098,1.82
2017-08-11,1.82,1.78,1.78,1.53,1.89,667.9579713736008,1.72
2017-08-12,1.72,1.82,1.78,1.54,1.82,666.5746173218593,1.85
2017-08-13,1.85,1.72,1.82,1.50,1.80,666.4199829101562,1.83
2017-08-14,1.83,1.85,1.72,1.52,1.79,666.4199829101562,1.84
2017-08-15,1.84,1.83,1.85,1.50,1.75,666.0478534405048,1.83
2017-08-16,1.83,1.84,1.83,1.50,1.77,666.8218852381552,1.83
2017-08-17,1.83,1.83,1.84,1.59,1.75,667.6766959237052,1.87
2017-08-18,1.87,1.83,1.83,1.59,1.73,667.1620218331474,1.89
2017-08-19,1.89,1.87,1.83,1.62,1.78,667.4038759293095,1.95
2017-08-20,1.95,1.89,1.87,1.61,1.88,667.4400024414062,NULL
2017-08-21,NULL,1.95,1.89,1.59,1.94,667.4400024414062,2.00
2017-08-22,2.00,NULL,1.95,1.63,1.87,667.1426780498133,1.93
2017-08-23,1.93,2.00,NULL,1.63,1.93,666.1786086138557,1.95
2017-08-24,1.95,1.93,2.00,1.63,1.81,666.2770690917969,1.83
2017-08-25,1.83,1.95,1.93,1.57,1.79,665.4593910684391,1.93
2017-08-26,1.93,1.83,1.95,1.61,1.80,665.7105694939108,1.91
2017-08-27,1.91,1.93,1.83,1.58,1.89,665.7899780273438,1.97
2017-08-28,1.97,1.91,1.93,NULL,1.90,665.7899780273438,2.02
2017-08-29,2.02,1.97,1.91,1.58,1.88,663.8461060423951,1.96
2017-08-30,1.96,2.02,1.97,1.61,1.89,662.9837272985658,1.93
2017-08-31,1.93,1.96,2.02,NULL,1.82,661.2574173232256,1.90
2017-09-01,1.90,1.93,1.96,1.65,1.79,660.2323106739619,NULL
2017-09-02,NULL,1.90,1.93,1.66,1.72,659.2595287403027,1.92
2017-09-03,1.92,NULL,1.90,1.74,1.77,659.0900268554688,1.91
2017-09-04,1.91,1.92,NULL,1.74,1.77,659.0900268554688,1.90
2017-09-05,1.90,1.91,1.92,1.84,1.72,657.0200588483752,1.95
2017-09-06,1.95,1.90,1.91,1.78,1.67,654.0327284729597,1.96
2017-09-07,1.96,1.95,1.90,1.77,1.72,653.1717036418835,1.96
2017-09-08,1.96,1.96,1.95,1.78,1.69,652.738696112149,1.90
2017-09-09,1.90,1.96,1.96,1.78,1.75,650.6263945256802,1.87
2017-09-10,1.87,1.90,1.96,1.82,1.66,650.3200073242188,1.88
2017-09-11,1.88,1.87,1.90,1.72,1.71,650.3200073242188,1.87
2017-09-12,1.87,1.88,1.87,1.85,1.70,650.0117181900445,1.88
2017-09-13,1.88,1.87,1.88,1.83,1.67,652.4323252002198,1.88
2017-09-14,1.88,1.88,1.87,1.84,1.63,653.6946356474464,1.87
2017-09-15,1.87,1.88,1.88,1.83,1.69,654.5643161276113,1.81
2017-09-16,1.81,1.87,1.88,1.83,NULL,654.2610948350695,1.86
2017-09-17,1.86,1.81,1.87,1.87,1.64,654.22998046875,1.89
2017-09-18,1.89,1.86,1.81,1.89,1.68,654.22998046875,1.88
2017-09-19,1.88,1.89,1.86,1.95,1.65,654.1953927372278,NULL
2017-09-20,NULL,1.88,1.89,NULL,1.63,655.1732771363977,1.88
2017-09-21,1.88,NULL,1.88,2.00,1.69,656.5090997869319,1.87
2017-09-22,1.87,1.88,NULL,1.93,1.70,658.4164223246055,1.86
2017-09-23,1.86,1.87,1.88,1.95,1.73,658.619649387846,1.85
2017-09-24,1.85,1.86,1.87,1.83,1.69,658.6099853515625,1.90
2017-09-25,1.90,1.85,1.86,1.93,1.78,658.6099853515625,1.87
2017-09-26,1.87,1.90,1.85,1.91,1.70,659.3461379184517,1.84
2017-09-27,1.84,1.87,1.90,1.97,1.73,660.6208949806415,1.87
2017-09-28,1.87,1.84,1.87,2.02,1.75,661.7910970052084,1.87
2017-09-29,1.87,1.87,1.84,1.96,1.80,662.7155188135354,1.96
2017-09-30,1.96,1.87,1.87,1.90,1.78,663.597157367907,1.88
2017-09-30,1.96,1.87,1.87,1.93,1.78,663.597157367907,1.88
2017-10-01,1.88,1.96,1.87,NULL,1.78,663.6900024414062,1.91
2017-10-02,1.91,1.88,1.96,1.92,1.71,663.6900024414062,1.94
2017-10-03,1.94,1.91,1.88,1.91,1.79,663.6900024414062,1.85
2017-10-04,1.85,1.94,1.91,1.90,1.82,663.6900024414062,1.93
2017-10-05,1.93,1.85,1.94,1.95,1.79,663.6900024414062,1.92
2017-10-06,1.92,1.93,1.85,1.96,NULL,663.6900024414062,1.93
2017-10-07,1.93,1.92,1.93,1.96,NULL,663.6900024414062,1.91
2017-10-08,1.91,1.93,1.92,1.90,1.82,663.6900024414062,1.94
2017-10-09,1.94,1.91,1.93,1.87,1.85,663.6900024414062,1.90
2017-10-10,1.90,1.94,1.91,1.88,1.97,664.7651384827718,1.94
2017-10-11,1.94,1.90,1.94,1.87,1.99,663.12109375,1.92
2017-10-12,1.92,1.94,1.90,1.88,NULL,659.0039741516114,1.91
2017-10-13,1.91,1.92,1.94,1.88,NULL,658.1148457845052,1.97
2017-10-14,1.97,1.91,1.92,1.87,NULL,658.6158460534137,1.90
2017-10-15,1.90,1.97,1.91,1.81,NULL,658.6599731445312,1.96
2017-10-16,1.96,1.90,1.97,1.86,NULL,658.6599731445312,1.99
2017-10-17,1.99,1.96,1.90,1.89,2.02,658.4325423567262,2.04
2017-10-18,2.04,1.99,1.96,1.88,1.94,658.7640167236328,2.08
2017-10-19,2.08,2.04,1.99,NULL,2.00,659.7566890593498,2.10
2017-10-20,2.10,2.08,2.04,1.88,1.98,660.824836023075,2.07
2017-10-21,2.07,2.10,2.08,1.87,2.01,660.9209164634269,2.15
2017-10-22,2.15,2.07,2.10,1.86,2.06,660.9199829101562,2.11
2017-10-23,2.11,2.15,2.07,1.85,2.06,660.9199829101562,2.07
2017-10-24,2.07,2.11,2.15,1.90,2.09,661.8773481580946,2.08
2017-10-25,2.08,2.07,2.11,1.87,NULL,662.5618667602539,2.02
2017-10-26,2.02,2.08,2.07,1.84,2.09,663.1364689463193,2.12
2017-10-27,2.12,2.02,2.08,1.87,2.11,662.9187351661392,2.11
2017-10-28,2.11,2.12,2.02,1.87,2.15,664.535246196546,2.08
2017-10-29,2.08,2.11,2.12,1.96,2.21,664.72998046875,2.16
2017-10-30,2.16,2.08,2.11,1.88,2.25,664.72998046875,NULL
2017-10-31,NULL,2.16,2.08,NULL,2.25,664.8432276108686,2.13
2017-11-01,2.13,NULL,2.16,1.91,2.26,664.0958482435533,2.14
2017-11-02,2.14,2.13,NULL,1.94,2.25,663.0781184458892,2.12
2017-11-03,2.12,2.14,2.13,1.85,2.28,662.070760373716,2.14
2017-11-04,2.14,2.12,2.14,1.93,2.28,660.8677488336909,2.16
2017-11-05,2.16,2.14,2.12,1.92,2.26,660.719970703125,2.20
2017-11-06,2.20,2.16,2.14,1.93,2.32,660.719970703125,2.25
2017-11-07,2.25,2.20,2.16,1.91,2.28,662.2041479183149,NULL
2017-11-08,NULL,2.25,2.20,1.94,2.30,662.2049003269361,2.23
2017-11-09,2.23,NULL,2.25,1.90,2.27,662.6828700474331,2.14
2017-11-10,2.14,2.23,NULL,1.94,2.31,663.1827415903663,2.10
2017-11-11,2.10,2.14,2.23,1.92,2.34,662.8922198346553,2.11
2017-11-12,2.11,2.10,2.14,1.91,2.34,662.8200073242188,2.13
2017-11-13,2.13,2.11,2.10,1.97,2.44,662.8200073242188,2.18
2017-11-14,2.18,2.13,2.11,1.90,2.44,663.3746427408854,2.14
2017-11-15,2.14,2.18,2.13,1.96,2.38,663.922649575652,NULL
2017-11-16,NULL,2.14,2.18,1.99,2.35,662.8184365881494,2.12
2017-11-17,2.12,NULL,2.14,2.04,2.37,662.826112259266,2.06
2017-11-18,2.06,2.12,NULL,2.08,2.36,662.7819770136966,2.25
2017-11-19,2.25,2.06,2.12,2.10,2.43,662.77001953125,2.25
2017-11-20,2.25,2.25,2.06,2.07,2.45,662.77001953125,2.22
2017-11-21,2.22,2.25,2.25,2.15,2.46,662.7179383171929,2.21
2017-11-22,2.21,2.22,2.25,2.11,2.40,663.4350011488971,2.20
2017-11-23,2.20,2.21,2.22,2.07,2.44,662.9943062918527,2.24
2017-11-24,2.24,2.20,2.21,2.08,2.48,660.5105009687708,2.11
2017-11-25,2.11,2.24,2.20,2.02,2.36,658.3264195884146,2.26
2017-11-26,2.26,2.11,2.24,2.12,2.48,658.0999755859375,2.17
2017-11-27,2.17,2.26,2.11,2.11,2.48,658.0999755859375,2.17
2017-11-28,2.17,2.17,2.26,2.08,2.44,658.6549015816926,2.17
2017-11-29,2.17,2.17,2.17,2.16,2.41,659.3558479684298,2.16
2017-11-30,2.16,2.17,2.17,NULL,2.42,660.0072546386718,2.17
2017-11-30,2.16,2.17,2.17,2.13,2.42,660.0072546386718,2.17
2017-12-01,2.17,2.16,2.17,2.14,2.44,660.313375705626,2.13
2017-12-02,2.13,2.17,2.16,2.12,2.45,660.6228463309152,2.24
2017-12-03,2.24,2.13,2.17,2.14,2.39,660.6699829101562,2.18
2017-12-04,2.18,2.24,2.13,2.16,2.48,660.6699829101562,2.14
2017-12-05,2.14,2.18,2.24,2.20,2.42,660.9783475281762,2.20
2017-12-06,2.20,2.14,2.18,2.25,2.43,661.1203324873369,2.14
2017-12-07,2.14,2.20,2.14,NULL,2.36,661.5735946264023,2.15
2017-12-08,2.15,2.14,2.20,2.23,2.42,661.9001409357244,2.11
2017-12-09,2.11,2.15,2.14,2.14,2.29,662.1503560174372,2.13
2017-12-10,2.13,2.11,2.15,2.10,2.29,662.1799926757812,2.12
2017-12-11,2.12,2.13,2.11,2.11,2.48,662.1799926757812,2.10
2017-12-12,2.10,2.12,2.13,2.13,2.41,661.6173926181481,2.04
2017-12-13,2.04,2.10,2.12,2.18,2.42,661.6045059419014,2.11
2017-12-14,2.11,2.04,2.10,2.14,2.31,662.4386406664578,2.10
2017-12-15,2.10,2.11,2.04,NULL,2.50,660.657015991211,2.13
2017-12-16,2.13,2.10,2.11,2.12,2.38,661.0039794085777,2.16
2017-12-17,2.16,2.13,2.10,2.06,2.41,661.1300048828125,2.07
2017-12-18,2.07,2.16,2.13,2.25,2.44,661.1300048828125,2.06
2017-12-19,2.06,2.07,2.16,2.25,2.38,661.5443055687881,2.03
2017-12-20,2.03,2.06,2.07,2.22,2.40,661.0665989925986,2.05
2017-12-21,2.05,2.03,2.06,2.21,2.33,660.701804167305,1.99
2017-12-22,1.99,2.05,2.03,2.20,2.42,658.1963722922585,1.96
2017-12-23,1.96,1.99,2.05,2.24,2.40,658.181309237802,1.94
2017-12-24,1.94,1.96,1.99,2.11,2.35,658.2100219726562,2.07
2017-12-25,2.07,1.94,1.96,2.26,2.41,658.2100219726562,2.02
2017-12-26,2.02,2.07,1.94,2.17,2.35,657.020625499072,1.98
2017-12-27,1.98,2.02,2.07,2.17,2.46,654.5325374159702,1.95
2017-12-28,1.95,1.98,2.02,2.17,2.50,654.2044902600741,NULL
2017-12-29,NULL,1.95,1.98,2.16,2.48,654.1317377505095,1.94
2017-12-30,1.94,NULL,1.95,2.17,2.50,653.4669349484327,1.99
2017-12-31,1.99,1.94,NULL,NULL,2.57,653.4199829101562,2.06
2018-01-01,2.06,1.99,1.94,2.13,2.66,653.4199829101562,2.05
2018-01-02,2.05,2.06,1.99,2.24,2.61,653.4199829101562,2.02
2018-01-03,2.02,2.05,2.06,2.18,2.45,651.1763768489892,1.98
2018-01-04,1.98,2.02,2.05,2.14,2.42,649.3821957906088,2.04
2018-01-05,2.04,1.98,2.02,2.20,2.45,650.287494938548,2.03
2018-01-06,2.03,2.04,1.98,2.14,2.52,649.2566884358724,2.07
2018-01-07,2.07,2.03,2.04,2.15,2.53,649.1500244140625,2.04
2018-01-08,2.04,2.07,2.03,2.11,2.53,649.1500244140625,2.05
2018-01-09,2.05,2.04,2.07,2.13,2.50,648.3937866210938,1.93
2018-01-10,1.93,2.05,2.04,2.12,2.55,649.56620904079,1.95
2018-01-11,1.95,1.93,2.05,2.10,2.52,651.8010346145875,1.88
2018-01-12,1.88,1.95,1.93,2.04,2.50,651.5398778822815,1.97
2018-01-13,1.97,1.88,1.95,2.11,2.54,649.5062857397196,1.93
2018-01-14,1.93,1.97,1.88,2.10,2.51,649.3200073242188,1.98
2018-01-15,1.98,1.93,1.97,2.13,2.63,649.3200073242188,1.93
2018-01-16,1.93,1.98,1.93,2.16,2.52,645.9668927259848,1.94
2018-01-17,1.94,1.93,1.98,2.07,2.51,644.0266752392833,1.92
2018-01-18,1.92,1.94,1.93,2.06,2.52,643.4038821593026,NULL
2018-01-19,NULL,1.92,1.94,2.03,2.49,643.9041219293115,1.94
2018-01-20,1.94,NULL,1.92,2.05,2.53,641.9288267247817,2.04
2018-01-21,2.04,1.94,NULL,1.99,2.54,641.6900024414062,2.02
2018-01-22,2.02,2.04,1.94,1.96,2.54,641.6900024414062,1.90
2018-01-23,1.90,2.02,2.04,1.94,2.65,641.1926075151772,1.95
2018-01-24,1.95,1.90,2.02,2.07,2.58,640.1831622833902,2.01
2018-01-25,2.01,1.95,1.90,2.02,2.77,639.2510804468271,2.09
2018-01-26,2.09,2.01,1.95,1.98,2.87,637.356858759341,2.22
2018-01-27,2.22,2.09,2.01,1.95,NULL,634.7664376535723,2.22
2018-01-28,2.22,2.22,2.09,NULL,NULL,634.3599853515625,2.24
2018-01-29,2.24,2.22,2.22,1.94,NULL,634.3599853515625,2.07
2018-01-30,2.07,2.24,2.22,1.99,NULL,632.7959918641208,1.97
2018-01-31,1.97,2.07,2.24,2.06,NULL,633.0936957024909,2.01
2018-02-01,2.01,1.97,2.07,2.05,NULL,633.373538880429,1.94
2018-02-02,1.94,2.01,1.97,2.02,NULL,630.5984971788195,1.93
2018-02-03,1.93,1.94,2.01,1.98,2.62,628.9418836947209,1.94
2018-02-04,1.94,1.93,1.94,2.04,2.58,628.8499755859375,2.06
2018-02-05,2.06,1.94,1.93,2.03,2.64,628.8499755859375,1.99
2018-02-06,1.99,2.06,1.94,2.07,2.61,630.0259175203284,2.03
2018-02-07,2.03,1.99,2.06,2.04,2.50,630.6620506745219,2.00
2018-02-08,2.00,2.03,1.99,2.05,2.51,629.0339104860824,2.04
2018-02-09,2.04,2.00,2.03,1.93,2.50,628.2635631072216,2.04
2018-02-10,2.04,2.04,2.00,1.95,2.54,631.5611103199146,2.09
2018-02-11,2.09,2.04,2.04,1.88,2.58,631.9400024414062,2.25
2018-02-12,2.25,2.09,2.04,1.97,2.54,631.9400024414062,2.13
2018-02-13,2.13,2.25,2.09,1.93,2.53,630.1340253592494,2.30
2018-02-14,2.30,2.13,2.25,1.98,2.43,632.2968623408565,2.36
2018-02-15,2.36,2.30,2.13,1.93,2.49,634.2079305268934,2.49
2018-02-16,2.49,2.36,2.30,1.94,2.61,634.280029296875,NULL
2018-02-17,NULL,2.49,2.36,1.92,2.46,634.280029296875,NULL
2018-02-18,NULL,NULL,2.49,NULL,2.54,634.280029296875,NULL
2018-02-19,NULL,NULL,NULL,1.94,2.51,634.280029296875,NULL
2018-02-20,NULL,NULL,NULL,2.04,2.45,634.280029296875,NULL
2018-02-21,NULL,NULL,NULL,2.02,2.46,634.280029296875,NULL
2018-02-22,NULL,NULL,NULL,1.90,2.49,634.280029296875,2.07
2018-02-23,2.07,NULL,NULL,1.95,2.43,635.2244353117766,2.12
2018-02-24,2.12,2.07,NULL,2.01,2.46,634.8746886434434,2.20
2018-02-25,2.20,2.12,2.07,2.09,2.42,634.8200073242188,2.11
2018-02-26,2.11,2.20,2.12,2.22,2.50,634.8200073242188,2.15
2018-02-27,2.15,2.11,2.20,2.22,2.43,633.8393436330352,2.19
2018-02-28,2.19,2.15,2.11,2.07,2.40,631.6054175270351,2.19
2018-02-28,2.19,2.15,2.11,2.24,2.40,631.6054175270351,2.19
2018-02-28,2.19,2.15,2.11,2.01,2.40,631.6054175270351,2.19
2018-02-28,2.19,2.15,2.11,1.97,2.40,631.6054175270351,2.19
2018-03-01,2.19,2.19,2.15,1.94,2.37,632.8618803052259,2.21
2018-03-02,2.21,2.19,2.19,1.93,2.42,633.4770553023727,2.17
2018-03-03,2.17,2.21,2.19,1.94,2.44,633.3574655922226,2.21
2018-03-04,2.21,2.17,2.21,2.06,2.41,633.3400268554688,2.27
2018-03-05,2.27,2.21,2.17,1.99,2.49,633.3400268554688,2.10
2018-03-06,2.10,2.27,2.21,2.03,2.40,634.2831161534264,2.11
2018-03-07,2.11,2.10,2.27,2.00,2.47,633.9067398665787,2.14
2018-03-08,2.14,2.11,2.10,2.04,2.46,633.0328447534404,2.10
2018-03-09,2.10,2.14,2.11,2.04,2.41,632.4392967087393,2.12
2018-03-10,2.12,2.10,2.14,2.09,2.43,634.3367805926252,2.13
2018-03-11,2.13,2.12,2.10,2.25,2.42,634.510009765625,2.13
2018-03-12,2.13,2.13,2.12,2.13,NULL,634.510009765625,2.10
2018-03-13,2.10,2.13,2.13,2.30,2.45,633.4514869241153,2.05
2018-03-14,2.05,2.10,2.13,2.36,2.51,632.2915101947207,2.01
2018-03-15,2.01,2.05,2.10,2.49,2.49,632.0648738482527,2.14
2018-03-16,2.14,2.01,2.05,NULL,2.53,631.4649437278326,2.10
2018-03-17,2.10,2.14,2.01,NULL,2.43,633.1956407701647,2.01
2018-03-18,2.01,2.10,2.14,NULL,2.53,633.4000244140625,2.09
2018-03-19,2.09,2.01,2.10,NULL,2.52,633.4000244140625,2.16
2018-03-20,2.16,2.09,2.01,NULL,2.51,633.2203727311003,2.07
2018-03-21,2.07,2.16,2.09,NULL,2.50,632.5153953915551,2.01
2018-03-22,2.01,2.07,2.16,2.07,2.56,633.7490844726562,1.95
2018-03-23,1.95,2.01,2.07,2.12,2.64,631.9675586075433,1.98
2018-03-24,1.98,1.95,2.01,2.20,2.61,632.5730812191346,1.94
2018-03-25,1.94,1.98,1.95,2.11,2.67,632.719970703125,1.74
2018-03-26,1.74,1.94,1.98,2.15,2.70,632.719970703125,2.00
2018-03-27,2.00,1.74,1.94,2.19,2.60,631.9598031673792,1.87
2018-03-28,1.87,2.00,1.74,2.19,2.71,628.4209744966947,1.87
2018-03-29,1.87,1.87,2.00,NULL,2.62,627.8739367498868,1.85
2018-03-30,1.85,1.87,1.87,NULL,2.68,630.2340439305161,1.96
2018-03-31,1.96,1.85,1.87,NULL,2.80,628.9820859944163,2.00
2018-04-01,2.00,1.96,1.85,2.21,NULL,628.8099975585938,1.89
2018-04-02,1.89,2.00,1.96,2.17,2.99,628.8099975585938,NULL
2018-04-03,NULL,1.89,2.00,2.21,2.77,627.7309459626983,1.99
2018-04-04,1.99,NULL,1.89,2.27,2.80,628.2528991699219,1.97
2018-04-05,1.97,1.99,NULL,2.10,2.83,629.1761906832585,2.06
2018-04-06,2.06,1.97,1.99,2.11,2.93,629.260009765625,2.12
2018-04-07,2.12,2.06,1.97,2.14,2.84,629.260009765625,1.91
2018-04-08,1.91,2.12,2.06,2.10,2.94,629.260009765625,1.85
2018-04-09,1.85,1.91,2.12,2.12,3.07,629.260009765625,2.12
2018-04-10,2.12,1.85,1.91,2.13,2.97,630.9202738179789,2.05
2018-04-11,2.05,2.12,1.85,2.13,2.98,630.7386881510416,1.99
2018-04-12,1.99,2.05,2.12,2.10,3.05,629.20933403065,1.99
2018-04-13,1.99,1.99,2.05,2.05,2.94,628.40796436983,2.01
2018-04-14,2.01,1.99,1.99,2.01,2.92,628.9277393574617,1.98
2018-04-15,1.98,2.01,1.99,2.14,2.85,628.97998046875,2.14
2018-04-16,2.14,1.98,2.01,2.10,2.88,628.97998046875,NULL
2018-04-17,NULL,2.14,1.98,2.01,2.82,628.8516252212103,2.17
2018-04-18,2.17,NULL,2.14,2.09,2.73,627.8097282858456,2.13
2018-04-19,2.13,2.17,NULL,2.16,2.70,628.125380637429,2.19
2018-04-20,2.19,2.13,2.17,2.07,2.78,628.3089217763816,2.18
2018-04-21,2.18,2.19,2.13,2.01,2.60,628.9155684819831,2.46
2018-04-22,2.46,2.18,2.19,1.95,2.65,628.969970703125,2.32
2018-04-23,2.32,2.46,2.18,1.98,2.63,628.969970703125,2.35
2018-04-24,2.35,2.32,2.46,1.94,2.57,630.2410494148052,2.25
2018-04-25,2.25,2.35,2.32,1.74,2.45,632.1200652696285,2.34
2018-04-26,2.34,2.25,2.35,2.00,2.41,630.7736944154251,2.35
2018-04-27,2.35,2.34,2.25,1.87,2.34,632.6589791434152,2.46
2018-04-28,2.46,2.35,2.34,1.87,2.42,633.8368495818107,2.50
2018-04-29,2.50,2.46,2.35,1.85,2.45,633.9299926757812,2.42
2018-04-30,2.42,2.50,2.46,2.00,2.51,633.9299926757812,2.41
2018-04-30,2.42,2.50,2.46,1.96,2.51,633.9299926757812,2.41
2018-05-01,2.41,2.42,2.50,1.89,2.61,633.9299926757812,NULL
2018-05-02,NULL,2.41,2.42,NULL,2.61,633.9299926757812,2.42
2018-05-03,2.42,NULL,2.41,1.99,2.42,636.443000085575,2.37
2018-05-04,2.37,2.42,NULL,1.97,2.55,637.2129843575614,2.40
2018-05-05,2.40,2.37,2.42,2.06,2.50,635.372328538161,2.44
2018-05-06,2.44,2.40,2.37,2.12,2.53,635.2100219726562,2.51
2018-05-07,2.51,2.44,2.40,1.91,2.54,635.2100219726562,2.44
2018-05-08,2.44,2.51,2.44,1.85,2.51,635.7885360717773,NULL
2018-05-09,NULL,2.44,2.51,2.12,2.53,636.6382994570974,2.37
2018-05-10,2.37,NULL,2.44,2.05,2.35,637.2738240559896,2.25
2018-05-11,2.25,2.37,NULL,1.99,2.39,637.6549129920984,2.33
2018-05-12,2.33,2.25,2.37,1.99,2.35,635.3967775398469,2.30
2018-05-13,2.30,2.33,2.25,2.01,2.31,635.239990234375,2.43
2018-05-14,2.43,2.30,2.33,1.98,2.33,635.239990234375,2.37
2018-05-15,2.37,2.43,2.30,2.14,NULL,633.601840700422,2.41
2018-05-16,2.41,2.37,2.43,NULL,2.21,634.755970939261,2.56
2018-05-17,2.56,2.41,2.37,2.17,2.24,637.2045120311574,2.56
2018-05-18,2.56,2.56,2.41,2.13,2.21,636.8459131273173,2.44
2018-05-19,2.44,2.56,2.56,2.19,2.13,637.54345666134,2.40
2018-05-20,2.40,2.44,2.56,2.18,2.20,637.6300048828125,2.33
2018-05-21,2.33,2.40,2.44,2.46,2.17,637.6300048828125,2.32
2018-05-22,2.32,2.33,2.40,2.32,2.12,638.4649670787693,2.23
2018-05-23,2.23,2.32,2.33,2.35,2.08,638.0576535488697,2.18
2018-05-24,2.18,2.23,2.32,2.25,2.10,637.7479486232851,2.20
2018-05-25,2.20,2.18,2.23,2.34,1.98,638.1249511166395,2.25
2018-05-26,2.25,2.20,2.18,2.35,1.92,638.6255205203325,2.27
2018-05-27,2.27,2.25,2.20,2.46,1.90,638.6699829101562,2.28
2018-05-28,2.28,2.27,2.25,2.50,1.89,638.6699829101562,2.26
2018-05-29,2.26,2.28,2.27,2.42,1.81,639.5759223859335,2.27
2018-05-30,2.27,2.26,2.28,2.41,1.74,640.1850592980018,2.25
2018-05-31,2.25,2.27,2.26,NULL,1.52,642.0108558466072,2.25
2018-06-01,2.25,2.25,2.27,NULL,1.46,641.4866694697628,2.25
2018-06-02,2.25,2.25,2.25,2.42,NULL,640.8143136160714,2.20
2018-06-03,2.20,2.25,2.25,2.37,1.39,640.780029296875,2.22
2018-06-04,2.22,2.20,2.25,2.40,1.31,640.780029296875,2.22
2018-06-05,2.22,2.22,2.20,2.44,1.44,641.9528443709663,2.23
2018-06-06,2.23,2.22,2.22,2.51,1.41,641.6075869911596,2.16
2018-06-07,2.16,2.23,2.22,2.44,1.34,640.5176763268156,2.17
2018-06-08,2.17,2.16,2.23,NULL,1.44,639.324449327257,2.15
2018-06-09,2.15,2.17,2.16,2.37,1.40,639.9700273786273,2.13
2018-06-10,2.13,2.15,2.17,2.25,1.36,640.030029296875,2.14
2018-06-11,2.14,2.13,2.15,2.33,1.48,640.030029296875,2.08
2018-06-12,2.08,2.14,2.13,2.30,1.41,640.5941307945589,2.15
2018-06-13,2.15,2.08,2.14,2.43,1.36,641.1636577405428,2.16
2018-06-14,2.16,2.15,2.08,2.37,1.35,641.5301700938832,2.14
2018-06-15,2.14,2.16,2.15,2.41,1.33,639.8655650464794,2.02
2018-06-16,2.02,2.14,2.16,2.56,1.40,642.7825780068674,2.10
2018-06-17,2.10,2.02,2.14,2.56,1.40,643.0599975585938,2.08
2018-06-18,2.08,2.10,2.02,2.44,1.35,643.0599975585938,2.16
2018-06-19,2.16,2.08,2.10,2.40,1.32,643.0599975585938,2.12
2018-06-20,2.12,2.16,2.08,2.33,1.43,642.3931708390269,2.10
2018-06-21,2.10,2.12,2.16,2.32,1.33,645.568832467778,2.06
2018-06-22,2.06,2.10,2.12,2.23,1.26,647.0158253301141,2.08
2018-06-23,2.08,2.06,2.10,2.18,1.37,647.9557872654236,1.92
2018-06-24,1.92,2.08,2.06,2.20,1.41,648.0399780273438,1.98
2018-06-25,1.98,1.92,2.08,2.25,1.46,648.0399780273438,2.02
2018-06-26,2.02,1.98,1.92,2.27,1.61,648.8740169117286,1.95
2018-06-27,1.95,2.02,1.98,2.28,1.53,651.6782918869396,2.04
2018-06-28,2.04,1.95,2.02,2.26,1.53,655.413506302179,2.05
2018-06-29,2.05,2.04,1.95,2.27,1.52,659.3909518643745,2.00
2018-06-30,2.00,2.05,2.04,2.25,1.55,661.5563978482891,2.03
2018-06-30,2.00,2.05,2.04,2.25,1.55,661.5563978482891,2.03
2018-07-01,2.03,2.00,2.05,2.25,1.55,661.6599731445312,1.97
2018-07-02,1.97,2.03,2.00,2.20,1.55,661.6599731445312,1.97
2018-07-03,1.97,1.97,2.03,2.22,1.54,661.5746357908586,1.88
2018-07-04,1.88,1.97,1.97,2.22,1.54,664.8023012762201,1.93
2018-07-05,1.93,1.88,1.97,2.23,1.59,665.8729649189883,1.92
2018-07-06,1.92,1.93,1.88,2.16,1.56,662.0291302452789,1.90
2018-07-07,1.90,1.92,1.93,2.17,1.61,663.2697375589166,1.85
2018-07-08,1.85,1.90,1.92,2.15,NULL,663.3599853515625,1.78
2018-07-09,1.78,1.85,1.90,2.13,1.57,663.3599853515625,1.75
2018-07-10,1.75,1.78,1.85,2.14,1.55,663.8975671094335,1.75
2018-07-11,1.75,1.75,1.78,2.08,1.53,662.680798733619,1.74
2018-07-12,1.74,1.75,1.75,2.15,1.54,662.3568397209658,1.80
2018-07-13,1.80,1.74,1.75,2.16,1.50,666.9051257524334,NULL
2018-07-14,NULL,1.80,1.74,2.14,1.52,667.2694523111979,1.74
2018-07-15,1.74,NULL,1.80,2.02,1.50,667.27001953125,1.77
2018-07-16,1.77,1.74,NULL,2.10,1.50,667.27001953125,1.78
2018-07-17,1.78,1.77,1.74,2.08,1.59,667.5629137762662,1.80
2018-07-18,1.80,1.78,1.77,2.16,1.59,668.1757825768512,1.76
2018-07-19,1.76,1.80,1.78,2.12,1.62,669.0818901062012,1.73
2018-07-20,1.73,1.76,1.80,2.10,1.61,670.5064919934599,1.72
2018-07-21,1.72,1.73,1.76,2.06,1.59,676.284169021162,1.78
2018-07-22,1.78,1.72,1.73,2.08,1.63,676.7100219726562,1.79
2018-07-23,1.79,1.78,1.72,1.92,1.63,676.7100219726562,1.78
2018-07-24,1.78,1.79,1.78,1.98,1.63,675.9681144083353,1.82
2018-07-25,1.82,1.78,1.79,2.02,1.57,678.739688546317,1.84
2018-07-26,1.84,1.82,1.78,1.95,1.61,680.2992736164786,1.85
2018-07-27,1.85,1.84,1.82,2.04,1.58,676.8102650482383,1.90
2018-07-28,1.90,1.85,1.84,2.05,NULL,679.2279259857288,1.96
2018-07-29,1.96,1.90,1.85,2.00,1.58,679.4199829101562,1.94
2018-07-30,1.94,1.96,1.90,2.03,1.61,679.4199829101562,1.99
2018-07-31,1.99,1.94,1.96,NULL,NULL,681.1983148748225,1.94
2018-08-01,1.94,1.99,1.94,1.97,1.65,681.6312729330624,1.95
2018-08-02,1.95,1.94,1.99,1.97,1.66,682.8541427047164,2.01
2018-08-03,2.01,1.95,1.94,1.88,1.74,679.6760780432705,2.00
2018-08-04,2.00,2.01,1.95,1.93,1.74,683.0395243554142,2.00
2018-08-05,2.00,2.00,2.01,1.92,1.84,683.219970703125,2.15
2018-08-06,2.15,2.00,2.00,1.90,1.78,683.219970703125,2.13
2018-08-07,2.13,2.15,2.00,1.85,1.77,685.0406867377192,2.11
2018-08-08,2.11,2.13,2.15,1.78,1.78,684.3528737585528,2.07
2018-08-09,2.07,2.11,2.13,1.75,1.78,683.2127576159193,2.07
2018-08-10,2.07,2.07,2.11,1.75,1.82,683.1668005796214,2.04
2018-08-11,2.04,2.07,2.07,1.74,1.72,683.885009765625,2.04
2018-08-12,2.04,2.04,2.07,1.80,1.85,683.9500122070312,2.06
2018-08-13,2.06,2.04,2.04,NULL,1.83,683.9500122070312,2.12
2018-08-14,2.12,2.06,2.04,1.74,1.84,686.0299818250868,2.19
2018-08-15,2.19,2.12,2.06,1.77,1.83,686.9058134896414,2.24
2018-08-16,2.24,2.19,2.12,1.78,1.83,688.4396248220283,2.30
2018-08-17,2.30,2.24,2.19,1.80,1.87,689.4042065051175,2.25
2018-08-18,2.25,2.30,2.24,1.76,1.89,688.9666176142655,2.08
2018-08-19,2.08,2.25,2.30,1.73,1.95,688.9400024414062,2.17
2018-08-20,2.17,2.08,2.25,1.72,NULL,688.9400024414062,2.18
2018-08-21,2.18,2.17,2.08,1.78,2.00,687.3273062684988,2.11
2018-08-22,2.11,2.18,2.17,1.79,1.93,683.9314586498119,2.11
2018-08-23,2.11,2.11,2.18,1.78,1.95,682.7499557886368,2.10
2018-08-24,2.10,2.11,2.11,1.82,1.83,683.5708565090014,2.03
2018-08-25,2.03,2.10,2.11,1.84,1.93,686.7805154837814,2.00
2018-08-26,2.00,2.03,2.10,1.85,1.91,687.0999755859375,2.08
2018-08-27,2.08,2.00,2.03,1.90,1.97,687.0999755859375,2.02
2018-08-28,2.02,2.08,2.00,1.96,2.02,685.2310420241312,2.02
2018-08-29,2.02,2.02,2.08,1.94,1.96,680.9153950421107,2.06
2018-08-30,2.06,2.02,2.02,1.99,1.93,680.6993571802512,2.05
2018-08-31,2.05,2.06,2.02,1.94,1.90,681.0997918379934,2.06
2018-09-01,2.06,2.05,2.06,1.95,NULL,682.3402006132109,2.03
2018-09-02,2.03,2.06,2.05,2.01,1.92,682.4600219726562,1.98
2018-09-03,1.98,2.03,2.06,2.00,1.91,682.4600219726562,2.04
2018-09-04,2.04,1.98,2.03,2.00,1.90,683.3754725762975,1.97
2018-09-05,1.97,2.04,1.98,2.15,1.95,682.0016401423965,1.96
2018-09-06,1.96,1.97,2.04,2.13,1.96,682.5930412046371,1.93
2018-09-07,1.93,1.96,1.97,2.11,1.96,682.2135375976562,1.95
2018-09-08,1.95,1.93,1.96,2.07,1.90,682.124562529743,NULL
2018-09-09,NULL,1.95,1.93,2.07,1.87,682.1199951171875,1.87
2018-09-10,1.87,NULL,1.95,2.04,1.88,682.1199951171875,NULL
2018-09-11,NULL,1.87,NULL,2.04,1.87,683.6946228820008,NULL
2018-09-12,NULL,NULL,1.87,2.06,1.88,684.7455617645641,1.88
2018-09-13,1.88,NULL,NULL,2.12,1.88,685.4023407151027,1.90
2018-09-14,1.90,1.88,NULL,2.19,1.87,684.9321757321635,1.91
2018-09-15,1.91,1.90,1.88,2.24,1.81,683.7318303034856,1.94
2018-09-16,1.94,1.91,1.90,2.30,1.86,683.6199951171875,1.91
2018-09-17,1.91,1.94,1.91,2.25,1.89,683.6199951171875,1.91
2018-09-18,1.91,1.91,1.94,2.08,1.88,684.9857692853778,1.90
2018-09-19,1.90,1.91,1.91,2.17,NULL,685.4756992885044,1.91
2018-09-20,1.91,1.90,1.91,2.18,1.88,685.671480908806,1.88
2018-09-21,1.88,1.91,1.90,2.11,1.87,685.3348105294364,1.88
2018-09-22,1.88,1.88,1.91,2.11,1.86,683.7622273763021,1.89
2018-09-23,1.89,1.88,1.88,2.10,1.85,683.5700073242188,1.92
2018-09-24,1.92,1.89,1.88,2.03,1.90,683.5700073242188,1.92
2018-09-25,1.92,1.92,1.89,2.00,1.87,683.5700073242188,1.90
2018-09-26,1.90,1.92,1.92,2.08,1.84,684.309682417889,1.86
2018-09-27,1.86,1.90,1.92,2.02,1.87,685.5654705179148,1.87
2018-09-28,1.87,1.86,1.90,2.02,1.87,686.3476720739294,1.87
2018-09-29,1.87,1.87,1.86,2.06,1.96,687.7493667964121,1.93
2018-09-30,1.93,1.87,1.87,2.06,1.88,687.9199829101562,1.88
2018-09-30,1.93,1.87,1.87,2.05,1.88,687.9199829101562,1.88
2018-10-01,1.88,1.93,1.87,2.03,1.91,687.9199829101562,1.91
2018-10-02,1.91,1.88,1.93,1.98,1.94,687.9199829101562,1.93
2018-10-03,1.93,1.91,1.88,2.04,1.85,687.9199829101562,1.90
2018-10-04,1.90,1.93,1.91,1.97,1.93,687.9199829101562,1.93
2018-10-05,1.93,1.90,1.93,1.96,1.92,687.9199829101562,1.92
2018-10-06,1.92,1.93,1.90,1.93,1.93,687.9199829101562,1.92
2018-10-07,1.92,1.92,1.93,1.95,1.91,687.9199829101562,1.91
2018-10-08,1.91,1.92,1.92,NULL,1.94,687.9199829101562,1.91
2018-10-09,1.91,1.91,1.92,1.87,1.90,689.4454771797612,1.90
2018-10-10,1.90,1.91,1.91,NULL,1.94,690.1356729723743,1.95
2018-10-11,1.95,1.90,1.91,NULL,1.92,690.679203913762,1.91
2018-10-12,1.91,1.95,1.90,1.88,1.91,690.9403850729695,1.96
2018-10-13,1.96,1.91,1.95,1.90,1.97,691.1833273358819,1.99
2018-10-14,1.99,1.96,1.91,1.91,1.90,691.2000122070312,1.96
2018-10-15,1.96,1.99,1.96,1.94,1.96,691.2000122070312,1.94
2018-10-16,1.94,1.96,1.99,1.91,1.99,691.5025014802227,1.90
2018-10-17,1.90,1.94,1.96,1.91,2.04,691.239605280358,1.93
2018-10-18,1.93,1.90,1.94,1.90,2.08,691.0524816680373,1.88
2018-10-19,1.88,1.93,1.90,1.91,2.10,692.5415187026515,1.97
2018-10-20,1.97,1.88,1.93,1.88,2.07,693.8146867163388,1.97
2018-10-21,1.97,1.97,1.88,1.88,2.15,693.8699951171875,2.02
2018-10-22,2.02,1.97,1.97,1.89,2.11,693.8699951171875,1.96
2018-10-23,1.96,2.02,1.97,1.92,2.07,692.5984079461349,2.02
2018-10-24,2.02,1.96,2.02,1.92,2.08,693.24512626711,1.98
2018-10-25,1.98,2.02,1.96,1.90,2.02,693.5515115113385,2.04
2018-10-26,2.04,1.98,2.02,1.86,2.12,694.0398495322779,2.02
2018-10-27,2.02,2.04,1.98,1.87,2.11,694.9890563612039,2.03
2018-10-28,2.03,2.02,2.04,1.87,2.08,695.0999755859375,2.08
2018-10-29,2.08,2.03,2.02,1.93,2.16,695.0999755859375,2.08
2018-10-30,2.08,2.08,2.03,1.88,NULL,693.9137985641892,2.04
2018-10-31,2.04,2.08,2.08,NULL,2.13,695.6033448676842,2.05
2018-11-01,2.05,2.04,2.08,1.91,2.14,696.3276631972369,1.99
2018-11-02,1.99,2.05,2.04,1.93,2.12,696.6704399506627,2.09
2018-11-03,2.09,1.99,2.05,1.90,2.14,693.8280479029605,2.11
2018-11-04,2.11,2.09,1.99,1.93,2.16,693.7100219726562,2.12
2018-11-05,2.12,2.11,2.09,1.92,2.20,693.7100219726562,2.08
2018-11-06,2.08,2.12,2.11,1.92,2.25,690.1005280593346,2.10
2018-11-07,2.10,2.08,2.12,1.91,NULL,690.6840006510416,2.07
2018-11-08,2.07,2.10,2.08,1.91,2.23,690.6670105573043,2.10
2018-11-09,2.10,2.07,2.10,1.90,2.14,691.5807321218139,2.05
2018-11-10,2.05,2.10,2.07,1.95,2.10,693.1152440121299,2.12
2018-11-11,2.12,2.05,2.10,1.91,2.11,693.2899780273438,1.95
2018-11-12,1.95,2.12,2.05,1.96,2.13,693.2899780273438,2.01
2018-11-13,2.01,1.95,2.12,1.99,2.18,694.6740988198812,2.07
2018-11-14,2.07,2.01,1.95,1.96,2.14,696.1894691634352,2.10
2018-11-15,2.10,2.07,2.01,1.94,NULL,694.455094909668,2.12
2018-11-16,2.12,2.10,2.07,1.90,2.12,693.9347122285996,2.16
2018-11-17,2.16,2.12,2.10,1.93,2.06,693.7798855430201,2.19
2018-11-18,2.19,2.16,2.12,1.88,2.25,693.77001953125,2.24
2018-11-19,2.24,2.19,2.16,1.97,2.25,693.77001953125,2.14
2018-11-20,2.14,2.24,2.19,1.97,2.22,692.5179046579397,2.17
2018-11-21,2.17,2.14,2.24,2.02,2.21,692.7705780798648,2.17
2018-11-22,2.17,2.17,2.14,1.96,2.20,694.2254681131114,2.15
2018-11-23,2.15,2.17,2.17,2.02,2.24,693.9814245251641,2.14
2018-11-24,2.14,2.15,2.17,1.98,2.11,693.2632525900136,2.16
2018-11-25,2.16,2.14,2.15,2.04,2.26,693.0599975585938,2.17
2018-11-26,2.17,2.16,2.14,2.02,2.17,693.0599975585938,2.11
2018-11-27,2.11,2.17,2.16,2.03,2.17,694.3462753295898,2.14
2018-11-28,2.14,2.11,2.17,2.08,2.17,694.6172260485197,2.17
2018-11-29,2.17,2.14,2.11,2.08,2.16,694.9596368963068,2.13
2018-11-30,2.13,2.17,2.14,2.05,2.17,693.7036478838583,2.11
2018-11-30,2.13,2.17,2.14,2.04,2.17,693.7036478838583,2.11
2018-12-01,2.11,2.13,2.17,1.99,2.13,693.5643963730126,2.13
2018-12-02,2.13,2.11,2.13,2.09,2.24,693.5700073242188,2.19
2018-12-03,2.19,2.13,2.11,2.11,2.18,693.5700073242188,2.13
2018-12-04,2.13,2.19,2.13,2.12,2.14,694.2502003679372,2.18
2018-12-05,2.18,2.13,2.19,2.08,2.20,689.708036357459,2.14
2018-12-06,2.14,2.18,2.13,2.10,2.14,685.3475738370479,2.18
2018-12-07,2.18,2.14,2.18,2.07,2.15,685.8713626764752,2.20
2018-12-08,2.20,2.18,2.14,2.10,2.11,686.6076929924897,2.30
2018-12-09,2.30,2.20,2.18,2.05,2.13,686.6400146484375,2.33
2018-12-10,2.33,2.30,2.20,2.12,2.12,686.6400146484375,2.22
2018-12-11,2.22,2.33,2.30,1.95,2.10,686.9114043406951,2.22
2018-12-12,2.22,2.22,2.33,2.01,2.04,689.7562083428217,2.13
2018-12-13,2.13,2.22,2.22,2.07,2.11,690.5734174276135,2.18
2018-12-14,2.18,2.13,2.22,2.10,2.10,687.9397389245412,2.20
2018-12-15,2.20,2.18,2.13,2.12,2.13,687.5257630429026,2.16
2018-12-16,2.16,2.20,2.18,2.16,2.16,687.5,2.21
2018-12-17,2.21,2.16,2.20,2.19,2.07,687.5,2.20
2018-12-18,2.20,2.21,2.16,2.24,2.06,688.901628063571,2.16
2018-12-19,2.16,2.20,2.21,2.14,2.03,688.6191216830549,2.16
2018-12-20,2.16,2.16,2.20,2.17,2.05,688.680000813802,2.13
2018-12-21,2.13,2.16,2.16,2.17,1.99,689.2695582103145,2.17
2018-12-22,2.17,2.13,2.16,2.15,1.96,688.3542527678263,2.14
2018-12-23,2.14,2.17,2.13,2.14,1.94,688.25,NULL
2018-12-24,NULL,2.14,2.17,2.16,2.07,688.25,2.11
2018-12-25,2.11,NULL,2.14,2.17,2.02,689.8616416617616,2.16
2018-12-26,2.16,2.11,NULL,2.11,1.98,689.2935732886905,2.19
2018-12-27,2.19,2.16,2.11,2.14,1.95,688.5059778550092,2.20
2018-12-28,2.20,2.19,2.16,2.17,NULL,688.8787536621094,NULL
2018-12-29,NULL,2.20,2.19,2.13,1.94,686.5792776743571,2.17
2018-12-30,2.17,NULL,2.20,2.11,1.99,686.3200073242188,2.27
2018-12-31,2.27,2.17,NULL,NULL,2.06,686.3200073242188,2.18
